Дата;Время;Операция;Полное наименование операции;Краткое наименование ценной бумаги;Тикер;Идентификатор счета;Объем транзакции;Валюта;Количество;Цена за штуку;Комментарий
2024-06-23;;Ввод денежных средств;;;;КлФ-1849638;+300,00;RUB;;;""
2025-04-22;;Ввод денежных средств;;;;КлФ-1935759;+50000,00;RUB;;;""
2025-04-24;;Перевод денежных средств;;;;КлФ-1849638;+50000,00;RUB;;;"Счет списания: КлФ-1935759"
2025-04-24;;Перевод денежных средств;;;;КлФ-1935759;-50000,00;RUB;;;"Счет зачисления: КлФ-1849638"
2025-04-24;11:31:36;Покупка валюты;;;;КлФ-1849638;42300,00;RUB;500.0;84,60;"Подтверждение № 1 от 24.04.2025"
2025-04-24;12:57:09;Покупка валюты;;;;КлФ-1849638;7605,90;RUB;90.0;84,51;"Подтверждение № 1 от 24.04.2025"
2025-04-24;;Брокерская комиссия;Комиссия брокера за сделки с валютой;;;КлФ-1849638;-18,38;RUB;;;"Вознаграждение Брокера за сделки ECN-OTC Валюта 24.04.2025 (НДС не облагается)"
2025-04-25;;Перевод денежных средств;;;;КлФ-1849638;-100,00;RUB;;;"Счет зачисления: КлФ-1935759"
2025-04-25;;Перевод денежных средств;;;;КлФ-1935759;+100,00;RUB;;;"Счет списания: КлФ-1849638"
2025-04-25;;Перевод денежных средств;;;;КлФ-1849638;-275,72;RUB;;;"Счет зачисления: КлФ-1935759"
2025-04-25;;Перевод денежных средств;;;;КлФ-1935759;+275,72;RUB;;;"Счет списания: КлФ-1849638"
2025-04-28;;Перевод денежных средств;;;;КлФ-1849638;-48766,39;USD;;;"Счет зачисления: КлФ-1935759"
2025-04-28;;Перевод денежных средств;;;;КлФ-1935759;+48766,39;USD;;;"Счет списания: КлФ-1849638"
2025-04-28;12:33:10;Покупка актива;;ProShares Bitcoin ETF;BITO;КлФ-1935759;17076,50;USD;10.0;1707,65;""
2025-04-28;12:41:22;Покупка актива;;iShares Bitcoin Trust ETF;IBIT;КлФ-1935759;8916,81;USD;2.0;4458,41;""
2025-04-28;16:34;Покупка актива;;ProShares UltraPro Short QQQ;SQQQ;КлФ-1935759;13116,51;USD;5.0;2623,36;""
2025-04-28;17:04:31;Покупка производного финансового инструмента;;NVDA 19 Dec 2025 40.0000 put;NVDA  251219P00040000;КлФ-1935759;;пт.;1.0;0,41;""
2025-04-28;17:06:38;Покупка производного финансового инструмента;;NVDA 19 Dec 2025 40.0000 put;NVDA  251219P00040000;КлФ-1935759;;пт.;1.0;0,41;""
2025-04-28;17:07:42;Покупка актива;;YieldMax NVDA Option Income Strategy ETF;NVDY;КлФ-1935759;2355,66;USD;2.0;1177,83;""
2025-04-28;18:57:23;Покупка производного финансового инструмента;;BITO 16 Jan 2026 31.0000 call;BITO  260116C00031000;КлФ-1935759;;пт.;1.0;0,51;""
2025-04-28;19:13:12;Продажа актива;;iShares Bitcoin Trust ETF;IBIT;КлФ-1935759;4398,07;USD;1.0;4398,07;""
2025-04-28;19:13:14;Продажа актива;;YieldMax NVDA Option Income Strategy ETF;NVDY;КлФ-1935759;1165,43;USD;1.0;1165,71;""
2025-04-28;;Брокерская комиссия;Комиссия брокера за сделки с производными инструментами;;;КлФ-1935759;;USD;;;"Вознаграждение Брокера за срочные сделки 28.04.2025 (НДС не облагается)"
2025-04-28;;Брокерская комиссия;Комиссия брокера за сделки с ценными бумагами;;;КлФ-1935759;-495,93;USD;;;"Вознаграждение Брокера за 28.04.2025 (НДС не облагается)"
2025-04-28;;Услуги сторонних организаций;Списание комиссии внешнего брокера;;;КлФ-1935759;-79,35;USD;;;"Возмещение затрат вышестоящего Брокера за сделки с цб на рынке MMA за 28.04.2025 г."
2025-04-28;;Услуги сторонних организаций;Списание комиссии внешнего брокера;;;КлФ-1935759;-161,18;USD;;;"Возмещение затрат вышестоящего Брокера за сделки с пи на рынке MMA за 28.04.2025 г."
2025-05-05;16:57:10;Продажа актива;;YieldMax NVDA Option Income Strategy ETF;NVDY;КлФ-1935759;1216,69;USD;1.0;1216,70;""
2025-05-05;16:57:32;Продажа актива;;iShares Bitcoin Trust ETF;IBIT;КлФ-1935759;4359,89;USD;1.0;4359,98;""
2025-05-05;;Брокерская комиссия;Комиссия брокера за сделки с ценными бумагами;;;КлФ-1935759;-162,99;USD;;;"Вознаграждение Брокера за 05.05.2025 (НДС не облагается)"
2025-05-05;;Услуги сторонних организаций;Списание комиссии внешнего брокера;;;КлФ-1935759;-26,08;USD;;;"Возмещение затрат вышестоящего Брокера за сделки с цб на рынке MMA за 05.05.2025 г."
2025-05-06;22:55:01;Покупка производного финансового инструмента;;BTI 19 Dec 2025 55.0000 call;BTI   251219C00055000;КлФ-1935759;;пт.;2.0;0,31;""
2025-05-06;;Брокерская комиссия;Комиссия брокера за сделки с производными инструментами;;;КлФ-1935759;;USD;;;"Вознаграждение Брокера за срочные сделки 06.05.2025 (НДС не облагается)"
2025-05-06;;Услуги сторонних организаций;Списание комиссии внешнего брокера;;;КлФ-1935759;-106,49;USD;;;"Возмещение затрат вышестоящего Брокера за сделки с пи на рынке MMA за 06.05.2025 г."
2025-05-09;18:58:33;Продажа актива;;ProShares Bitcoin ETF;BITO;КлФ-1935759;8781,53;USD;5.0;1756,31;""
2025-05-09;19:01:05;Покупка производного финансового инструмента;;BTI 19 Dec 2025 55.0000 call;BTI   251219C00055000;КлФ-1935759;;пт.;7.0;0,12;""
2025-05-09;;Брокерская комиссия;Комиссия брокера за сделки с ценными бумагами;;;КлФ-1935759;-80,86;USD;;;"Вознаграждение Брокера за 09.05.2025 (НДС не облагается)"
2025-05-09;;Брокерская комиссия;Комиссия брокера за сделки с производными инструментами;;;КлФ-1935759;;USD;;;"Вознаграждение Брокера за срочные сделки 09.05.2025 (НДС не облагается)"
2025-05-09;;Пеня (Списание);Комиссия за неисполненные в срок обязательства перед Брокером;;;КлФ-1935759;-2,69;RUB;;;"Пеня на сумму неисполненных обязательств (НДС не облагается)"
2025-05-09;;Услуги сторонних организаций;Списание комиссии внешнего брокера;;;КлФ-1935759;-12,94;USD;;;"Возмещение затрат вышестоящего Брокера за сделки с цб на рынке MMA за 09.05.2025 г."
2025-05-09;;Услуги сторонних организаций;Списание комиссии внешнего брокера;;;КлФ-1935759;-367,92;USD;;;"Возмещение затрат вышестоящего Брокера за сделки с пи на рынке MMA за 09.05.2025 г."
2025-05-10;;Пеня (Списание);Комиссия за неисполненные в срок обязательства перед Брокером;;;КлФ-1935759;-2,69;RUB;;;"Пеня на сумму неисполненных обязательств (НДС не облагается)"
2025-05-11;;Пеня (Списание);Комиссия за неисполненные в срок обязательства перед Брокером;;;КлФ-1935759;-2,69;RUB;;;"Пеня на сумму неисполненных обязательств (НДС не облагается)"
2025-05-13;;Доход по паям;Выплата доходов по паям;;;КлФ-1935759;+308,99;USD;;;"Доход по паям по ProShares Bitcoin Strategy ETF, Паи, US74347G4405"
2025-05-22;20:42:47;Продажа актива;;ProShares Bitcoin ETF;BITO;КлФ-1935759;1878,98;USD;1.0;1879,08;""
2025-05-22;;Брокерская комиссия;Комиссия брокера за сделки с ценными бумагами;;;КлФ-1935759;-79,75;USD;;;"Вознаграждение Брокера за 22.05.2025 (НДС не облагается)"
2025-05-22;;Услуги сторонних организаций;Списание комиссии внешнего брокера;;;КлФ-1935759;-12,76;USD;;;"Возмещение затрат вышестоящего Брокера за сделки с цб на рынке MMA за 22.05.2025 г."
2025-05-23;18:35:14;Покупка производного финансового инструмента;;SQQQ1 16 Jan 2026 35.0000 call;SQQQ1 260116C00035000;КлФ-1935759;;пт.;5.0;0,16;""
2025-05-23;;Брокерская комиссия;Комиссия брокера за сделки с производными инструментами;;;КлФ-1935759;;USD;;;"Вознаграждение Брокера за срочные сделки 23.05.2025 (НДС не облагается)"
2025-05-23;;Услуги сторонних организаций;Списание комиссии внешнего брокера;;;КлФ-1935759;-259,14;USD;;;"Возмещение затрат вышестоящего Брокера за сделки с пи на рынке MMA за 23.05.2025 г."
2025-05-28;16:33:24;Продажа актива;;ProShares Bitcoin ETF;BITO;КлФ-1935759;1824,04;USD;1.0;1824,05;""
2025-05-28;16:33:24;Продажа актива;;ProShares Bitcoin ETF;BITO;КлФ-1935759;5472,12;USD;3.0;1824,05;""
2025-05-28;16:35:17;Покупка производного финансового инструмента;;MO 20 Mar 2026 80.0000 call;MO    260320C00080000;КлФ-1935759;;пт.;3.0;0,20;""
2025-05-28;16:37:33;Продажа актива;;ProShares UltraPro Short QQQ;SQQQ;КлФ-1935759;9231,66;USD;5.0;1846,34;""
2025-05-28;17:04:04;Покупка производного финансового инструмента;;SQQQ1 16 Jan 2026 35.0000 call;SQQQ1 260116C00035000;КлФ-1935759;;пт.;5.0;0,10;""
2025-05-28;17:04:04;Покупка производного финансового инструмента;;SQQQ1 16 Jan 2026 35.0000 call;SQQQ1 260116C00035000;КлФ-1935759;;пт.;5.0;0,10;""
2025-05-28;17:18:45;Покупка производного финансового инструмента;;BITO 16 Jan 2026 31.0000 call;BITO  260116C00031000;КлФ-1935759;;пт.;1.0;0,51;""
2025-05-28;18:55:33;Покупка производного финансового инструмента;;ET 15 Jan 2027 35.0000 call;ET    270115C00035000;КлФ-1935759;;пт.;5.0;0,11;""
2025-05-28;;Брокерская комиссия;Комиссия брокера за сделки с ценными бумагами;;;КлФ-1935759;-159,24;USD;;;"Вознаграждение Брокера за 28.05.2025 (НДС не облагается)"
2025-05-28;;Брокерская комиссия;Комиссия брокера за сделки с производными инструментами;;;КлФ-1935759;;USD;;;"Вознаграждение Брокера за срочные сделки 28.05.2025 (НДС не облагается)"
2025-05-28;;Пеня (Списание);Комиссия за неисполненные в срок обязательства перед Брокером;;;КлФ-1935759;-5,94;RUB;;;"Пеня на сумму неисполненных обязательств (НДС не облагается)"
2025-05-28;;Услуги сторонних организаций;Списание комиссии внешнего брокера;;;КлФ-1935759;-25,48;USD;;;"Возмещение затрат вышестоящего Брокера за сделки с цб на рынке MMA за 28.05.2025 г."
2025-05-28;;Услуги сторонних организаций;Списание комиссии внешнего брокера;;;КлФ-1935759;-983,28;USD;;;"Возмещение затрат вышестоящего Брокера за сделки с пи на рынке MMA за 28.05.2025 г."
2025-05-29;19:49:13;Покупка производного финансового инструмента;;MO 20 Mar 2026 80.0000 call;MO    260320C00080000;КлФ-1935759;;пт.;1.0;0,20;""
2025-05-29;;Брокерская комиссия;Комиссия брокера за сделки с производными инструментами;;;КлФ-1935759;;USD;;;"Вознаграждение Брокера за срочные сделки 29.05.2025 (НДС не облагается)"
2025-05-29;;Услуги сторонних организаций;Списание комиссии внешнего брокера;;;КлФ-1935759;-51,74;USD;;;"Возмещение затрат вышестоящего Брокера за сделки с пи на рынке MMA за 29.05.2025 г."
2025-06-30;;Брокерская комиссия;Списание комиссии брокера за абонентскую плату;;;КлФ-1935759;-177,00;RUB;;;"Вознаграждение Брокера за обслуживание счета c 01.06.2025 по 30.06.2025 (НДС не облагается)"
2025-07-31;;Брокерская комиссия;Списание комиссии брокера за абонентскую плату;;;КлФ-1935759;-177,00;RUB;;;"Вознаграждение Брокера за обслуживание счета c 01.07.2025 по 31.07.2025 (НДС не облагается)"
2025-08-05;;Брокерская комиссия;Комиссия брокера за сделки с производными инструментами;;;КлФ-1935759;;USD;;;"Вознаграждение Брокера за срочные сделки 05.08.2025 (НДС не облагается)"
2025-08-05;17:28:57;Продажа производного финансового инструмента;;BTI 19 Dec 2025 55.0000 call;BTI   251219C00055000;КлФ-1935759;;USD;1.0;375,00;""
2025-08-05;17:30:49;Покупка производного финансового инструмента;;KOF 20 Feb 2026 90.0000 call;KOF   260220C00090000;КлФ-1935759;;USD;1.0;300,00;""
2025-08-05;17:31:26;Продажа производного финансового инструмента;;BTI 19 Dec 2025 55.0000 call;BTI   251219C00055000;КлФ-1935759;;USD;1.0;376,00;""
2025-08-05;17:31:26;Продажа производного финансового инструмента;;BTI 19 Dec 2025 55.0000 call;BTI   251219C00055000;КлФ-1935759;;USD;1.0;375,00;""
2025-08-05;20:32:38;Покупка производного финансового инструмента;;KOF 20 Feb 2026 90.0000 call;KOF   260220C00090000;КлФ-1935759;;USD;1.0;300,00;""
2025-08-05;;Брокерская комиссия;Комиссия брокера за сделки с производными инструментами;;;КлФ-1935759;;USD;;;"Вознаграждение Брокера за срочные сделки 05.08.2025 (НДС не облагается)"
2025-08-05;;Услуги сторонних организаций;Списание комиссии внешнего брокера;;;КлФ-1935759;-261,33;USD;;;"Возмещение затрат вышестоящего Брокера за сделки с пи на рынке MMA за 05.08.2025 г."
2025-08-12;;Брокерская комиссия;Комиссия брокера за сделки с производными инструментами;;;КлФ-1935759;;USD;;;"Вознаграждение Брокера за срочные сделки 12.08.2025 (НДС не облагается)"
2025-08-12;22:17:53;Продажа производного финансового инструмента;;BITO 16 Jan 2026 31.0000 call;BITO  260116C00031000;КлФ-1935759;;USD;1.0;17,00;""
2025-08-12;22:17:53;Продажа производного финансового инструмента;;BITO 16 Jan 2026 31.0000 call;BITO  260116C00031000;КлФ-1935759;;USD;1.0;17,00;""
2025-08-12;;Брокерская комиссия;Комиссия брокера за сделки с производными инструментами;;;КлФ-1935759;;USD;;;"Вознаграждение Брокера за срочные сделки 12.08.2025 (НДС не облагается)"
2025-08-12;;Услуги сторонних организаций;Списание комиссии внешнего брокера;;;КлФ-1935759;-104,36;USD;;;"Возмещение затрат вышестоящего Брокера за сделки с пи на рынке MMA за 12.08.2025 г."
2025-08-18;;Брокерская комиссия;Комиссия брокера за сделки с производными инструментами;;;КлФ-1935759;;USD;;;"Вознаграждение Брокера за срочные сделки 18.08.2025 (НДС не облагается)"
2025-08-18;19:49:26;Покупка производного финансового инструмента;;MO 16 Jan 2026 85.0000 call;MO    260116C00085000;КлФ-1935759;;USD;5.0;8,00;""
2025-08-18;19:49:34;Покупка производного финансового инструмента;;MO 16 Jan 2026 85.0000 call;MO    260116C00085000;КлФ-1935759;;USD;2.0;7,00;""
2025-08-18;19:49:34;Покупка производного финансового инструмента;;MO 16 Jan 2026 85.0000 call;MO    260116C00085000;КлФ-1935759;;USD;3.0;7,00;""
2025-08-18;19:50:19;Покупка производного финансового инструмента;;MO 16 Jan 2026 85.0000 call;MO    260116C00085000;КлФ-1935759;;USD;10.0;7,00;""
2025-08-18;22:26:41;Покупка производного финансового инструмента;;MO 16 Jan 2026 85.0000 call;MO    260116C00085000;КлФ-1935759;;USD;10.0;7,00;""
2025-08-18;;Брокерская комиссия;Комиссия брокера за сделки с производными инструментами;;;КлФ-1935759;;USD;;;"Вознаграждение Брокера за срочные сделки 18.08.2025 (НДС не облагается)"
2025-08-18;;Услуги сторонних организаций;Списание комиссии внешнего брокера;;;КлФ-1935759;-1560,44;USD;;;"Возмещение затрат вышестоящего Брокера за сделки с пи на рынке MMA за 18.08.2025 г."
2025-08-19;;Брокерская комиссия;Комиссия брокера за сделки с производными инструментами;;;КлФ-1935759;;USD;;;"Вознаграждение Брокера за срочные сделки 19.08.2025 (НДС не облагается)"
2025-08-19;22:55:13;Покупка производного финансового инструмента;;WPM 18 Jun 2026 140.0000 call;WPM   260618C00140000;КлФ-1935759;;USD;1.0;161,00;""
2025-08-19;;Брокерская комиссия;Комиссия брокера за сделки с производными инструментами;;;КлФ-1935759;;USD;;;"Вознаграждение Брокера за срочные сделки 19.08.2025 (НДС не облагается)"
2025-08-19;;Услуги сторонних организаций;Списание комиссии внешнего брокера;;;КлФ-1935759;-52,28;USD;;;"Возмещение затрат вышестоящего Брокера за сделки с пи на рынке MMA за 19.08.2025 г."
2025-08-20;;Брокерская комиссия;Комиссия брокера за сделки с производными инструментами;;;КлФ-1935759;;USD;;;"Вознаграждение Брокера за срочные сделки 20.08.2025 (НДС не облагается)"
2025-08-20;18:22:28;Продажа производного финансового инструмента;;SQQQ1 16 Jan 2026 35.0000 call;SQQQ1 260116C00035000;КлФ-1935759;;USD;1.0;1,00;""
2025-08-20;18:22:56;Продажа производного финансового инструмента;;SQQQ1 16 Jan 2026 35.0000 call;SQQQ1 260116C00035000;КлФ-1935759;;USD;10.0;1,00;""
2025-08-20;18:22:56;Продажа производного финансового инструмента;;SQQQ1 16 Jan 2026 35.0000 call;SQQQ1 260116C00035000;КлФ-1935759;;USD;1.0;1,00;""
2025-08-20;18:22:56;Продажа производного финансового инструмента;;SQQQ1 16 Jan 2026 35.0000 call;SQQQ1 260116C00035000;КлФ-1935759;;USD;1.0;1,00;""
2025-08-20;18:22:56;Продажа производного финансового инструмента;;SQQQ1 16 Jan 2026 35.0000 call;SQQQ1 260116C00035000;КлФ-1935759;;USD;1.0;1,00;""
2025-08-20;18:22:56;Продажа производного финансового инструмента;;SQQQ1 16 Jan 2026 35.0000 call;SQQQ1 260116C00035000;КлФ-1935759;;USD;1.0;1,00;""
2025-08-20;18:23:18;Продажа производного финансового инструмента;;NVDA 19 Dec 2025 40.0000 put;NVDA  251219P00040000;КлФ-1935759;;USD;2.0;3,00;""
2025-08-20;;Брокерская комиссия;Комиссия брокера за сделки с производными инструментами;;;КлФ-1935759;;USD;;;"Вознаграждение Брокера за срочные сделки 20.08.2025 (НДС не облагается)"
2025-08-20;;Услуги сторонних организаций;Списание комиссии внешнего брокера;;;КлФ-1935759;-890,24;USD;;;"Возмещение затрат вышестоящего Брокера за сделки с пи на рынке MMA за 20.08.2025 г."
2025-08-26;;Брокерская комиссия;Комиссия брокера за сделки с производными инструментами;;;КлФ-1935759;;USD;;;"Вознаграждение Брокера за срочные сделки 26.08.2025 (НДС не облагается)"
2025-08-26;20:35:29;Покупка производного финансового инструмента;;MO 20 Mar 2026 80.0000 call;MO    260320C00080000;КлФ-1935759;;USD;2.0;38,00;""
2025-08-26;20:36:02;Покупка производного финансового инструмента;;MO 20 Mar 2026 80.0000 call;MO    260320C00080000;КлФ-1935759;;USD;1.0;38,00;""
2025-08-26;;Брокерская комиссия;Комиссия брокера за сделки с производными инструментами;;;КлФ-1935759;;USD;;;"Вознаграждение Брокера за срочные сделки 26.08.2025 (НДС не облагается)"
2025-08-26;;Услуги сторонних организаций;Списание комиссии внешнего брокера;;;КлФ-1935759;-157,33;USD;;;"Возмещение затрат вышестоящего Брокера за сделки с пи на рынке MMA за 26.08.2025 г."
2025-08-29;;Брокерская комиссия;Комиссия брокера за сделки с производными инструментами;;;КлФ-1935759;;USD;;;"Вознаграждение Брокера за срочные сделки 29.08.2025 (НДС не облагается)"
2025-08-29;19:20:27;Продажа производного финансового инструмента;;WPM 18 Jun 2026 140.0000 call;WPM   260618C00140000;КлФ-1935759;;USD;1.0;285,00;""
2025-08-29;;Брокерская комиссия;Комиссия брокера за сделки с производными инструментами;;;КлФ-1935759;;USD;;;"Вознаграждение Брокера за срочные сделки 29.08.2025 (НДС не облагается)"
2025-08-29;;Услуги сторонних организаций;Списание комиссии внешнего брокера;;;КлФ-1935759;-52,99;USD;;;"Возмещение затрат вышестоящего Брокера за сделки с пи на рынке MMA за 29.08.2025 г."
2025-09-02;;Брокерская комиссия;Комиссия брокера за сделки с производными инструментами;;;КлФ-1935759;;USD;;;"Вознаграждение Брокера за срочные сделки 02.09.2025 (НДС не облагается)"
2025-09-02;20:25:59;Покупка производного финансового инструмента;;BTI 20 Mar 2026 70.0000 call;BTI   260320C00070000;КлФ-1935759;;USD;1.0;78,00;""
2025-09-02;;Брокерская комиссия;Комиссия брокера за сделки с производными инструментами;;;КлФ-1935759;;USD;;;"Вознаграждение Брокера за срочные сделки 02.09.2025 (НДС не облагается)"
2025-09-02;;Услуги сторонних организаций;Списание комиссии внешнего брокера;;;КлФ-1935759;-52,28;USD;;;"Возмещение затрат вышестоящего Брокера за сделки с пи на рынке MMA за 02.09.2025 г."
2025-09-03;;Брокерская комиссия;Комиссия брокера за сделки с производными инструментами;;;КлФ-1935759;;USD;;;"Вознаграждение Брокера за срочные сделки 03.09.2025 (НДС не облагается)"
2025-09-03;20:55:49;Продажа производного финансового инструмента;;BTI 19 Dec 2025 55.0000 call;BTI   251219C00055000;КлФ-1935759;;USD;3.0;298,00;""
2025-09-03;21:13:09;Покупка производного финансового инструмента;;BTI 20 Mar 2026 70.0000 call;BTI   260320C00070000;КлФ-1935759;;USD;1.0;80,00;""
2025-09-03;21:13:25;Покупка производного финансового инструмента;;BTI 20 Mar 2026 70.0000 call;BTI   260320C00070000;КлФ-1935759;;USD;3.0;80,00;""
2025-09-03;21:14:12;Покупка производного финансового инструмента;;BTI 20 Mar 2026 70.0000 call;BTI   260320C00070000;КлФ-1935759;;USD;5.0;80,00;""
2025-09-03;21:16:20;Покупка производного финансового инструмента;;TQQQ 20 Mar 2026 135.0000 call;TQQQ  260320C00135000;КлФ-1935759;;USD;1.0;175,00;""
2025-09-03;21:16:50;Покупка производного финансового инструмента;;TQQQ 20 Mar 2026 135.0000 call;TQQQ  260320C00135000;КлФ-1935759;;USD;1.0;174,00;""
2025-09-03;;Брокерская комиссия;Комиссия брокера за сделки с производными инструментами;;;КлФ-1935759;;USD;;;"Вознаграждение Брокера за срочные сделки 03.09.2025 (НДС не облагается)"
2025-09-03;;Услуги сторонних организаций;Списание комиссии внешнего брокера;;;КлФ-1935759;-735,02;USD;;;"Возмещение затрат вышестоящего Брокера за сделки с пи на рынке MMA за 03.09.2025 г."
2025-10-01;;Брокерская комиссия;Комиссия брокера за сделки с производными инструментами;;;КлФ-1935759;;USD;;;"Вознаграждение Брокера за срочные сделки 01.10.2025 (НДС не облагается)"
2025-10-01;18:14:30;Покупка производного финансового инструмента;;ET 15 Jan 2027 35.0000 call;ET    270115C00035000;КлФ-1935759;;USD;5.0;5,00;""
2025-10-01;;Брокерская комиссия;Комиссия брокера за сделки с производными инструментами;;;КлФ-1935759;;USD;;;"Вознаграждение Брокера за срочные сделки 01.10.2025 (НДС не облагается)"
2025-10-01;;Пеня (Списание);Комиссия за неисполненные в срок обязательства перед Брокером;;;КлФ-1935759;-0,01;RUB;;;"Пеня на сумму неисполненных обязательств (НДС не облагается)"
2025-10-01;;Услуги сторонних организаций;Списание комиссии внешнего брокера;;;КлФ-1935759;-268,48;USD;;;"Возмещение затрат вышестоящего Брокера за сделки с пи на рынке MMA за 01.10.2025 г."
2025-10-02;17:47:50;Продажа производного финансового инструмента;Принудительное закрытие производного финансового инструмента;ET 15 Jan 2027 35.0000 call;ET    270115C00035000;КлФ-1935759;;USD;1.0;4,00;""
2025-10-02;;Услуги сторонних организаций;Списание комиссии внешнего брокера;;;КлФ-1935759;-53,79;USD;;;"Возмещение затрат вышестоящего Брокера за сделки с пи на рынке MMA за 02.10.2025 г."
2025-10-07;;Брокерская комиссия;Комиссия брокера за сделки с производными инструментами;;;КлФ-1935759;;USD;;;"Вознаграждение Брокера за срочные сделки 07.10.2025 (НДС не облагается)"
2025-10-07;17:45:13;Продажа производного финансового инструмента;;KOF 20 Feb 2026 90.0000 call;KOF   260220C00090000;КлФ-1935759;;USD;1.0;190,00;""
2025-10-07;17:45:35;Продажа производного финансового инструмента;;KOF 20 Feb 2026 90.0000 call;KOF   260220C00090000;КлФ-1935759;;USD;1.0;191,00;""
2025-10-07;17:49:07;Покупка производного финансового инструмента;;GDXJ 16 Jan 2026 145.0000 call;GDXJ  260116C00145000;КлФ-1935759;;USD;1.0;107,00;""
2025-10-07;17:50:15;Покупка производного финансового инструмента;;GDXJ 16 Jan 2026 145.0000 call;GDXJ  260116C00145000;КлФ-1935759;;USD;1.0;110,00;""
2025-10-07;17:51:50;Продажа производного финансового инструмента;;TQQQ 20 Mar 2026 135.0000 call;TQQQ  260320C00135000;КлФ-1935759;;USD;2.0;654,00;""
2025-10-07;17:52:20;Покупка производного финансового инструмента;;GDXJ 16 Jan 2026 145.0000 call;GDXJ  260116C00145000;КлФ-1935759;;USD;1.0;100,00;""
2025-10-07;17:52:49;Покупка производного финансового инструмента;;GDXJ 16 Jan 2026 145.0000 call;GDXJ  260116C00145000;КлФ-1935759;;USD;1.0;95,00;""
2025-10-07;17:56:31;Покупка производного финансового инструмента;;CCJ 16 Jan 2026 130.0000 call;CCJ   260116C00130000;КлФ-1935759;;USD;2.0;110,00;""
2025-10-07;17:58:09;Покупка производного финансового инструмента;;CCJ 16 Jan 2026 130.0000 call;CCJ   260116C00130000;КлФ-1935759;;USD;3.0;110,00;""
2025-10-07;17:59:37;Продажа производного финансового инструмента;;ET 15 Jan 2027 35.0000 call;ET    270115C00035000;КлФ-1935759;;USD;9.0;4,00;""
2025-10-07;18:03:47;Покупка производного финансового инструмента;;GDXJ 16 Jan 2026 145.0000 call;GDXJ  260116C00145000;КлФ-1935759;;USD;6.0;95,00;""
2025-10-07;18:04:08;Покупка производного финансового инструмента;;IBIT 16 Jan 2026 100.0000 call;IBIT  260116C00100000;КлФ-1935759;;USD;1.0;130,00;""
2025-10-07;18:50:44;Продажа производного финансового инструмента;;MO 20 Mar 2026 80.0000 call;MO    260320C00080000;КлФ-1935759;;USD;1.0;44,00;""
2025-10-07;;Брокерская комиссия;Комиссия брокера за сделки с производными инструментами;;;КлФ-1935759;;USD;;;"Вознаграждение Брокера за срочные сделки 07.10.2025 (НДС не облагается)"
2025-10-07;;Услуги сторонних организаций;Списание комиссии внешнего брокера;;;КлФ-1935759;-1625,14;USD;;;"Возмещение затрат вышестоящего Брокера за сделки с пи на рынке MMA за 07.10.2025 г."
2025-10-13;;Брокерская комиссия;Комиссия брокера за сделки с производными инструментами;;;КлФ-1935759;;USD;;;"Вознаграждение Брокера за срочные сделки 13.10.2025 (НДС не облагается)"
2025-10-13;18:26:59;Продажа производного финансового инструмента;;BTI 19 Dec 2025 55.0000 call;BTI   251219C00055000;КлФ-1935759;;USD;1.0;90,00;""
2025-10-13;19:05:09;Продажа производного финансового инструмента;;BTI 20 Mar 2026 70.0000 call;BTI   260320C00070000;КлФ-1935759;;USD;2.0;23,00;""
2025-10-13;19:05:09;Продажа производного финансового инструмента;;BTI 20 Mar 2026 70.0000 call;BTI   260320C00070000;КлФ-1935759;;USD;3.0;23,00;""
2025-10-13;21:32;Покупка производного финансового инструмента;;IBIT 16 Jan 2026 100.0000 call;IBIT  260116C00100000;КлФ-1935759;;USD;1.0;87,00;""
2025-10-13;21:32:10;Покупка производного финансового инструмента;;IBIT 16 Jan 2026 100.0000 call;IBIT  260116C00100000;КлФ-1935759;;USD;2.0;87,00;""
2025-10-13;;Брокерская комиссия;Комиссия брокера за сделки с производными инструментами;;;КлФ-1935759;;USD;;;"Вознаграждение Брокера за срочные сделки 13.10.2025 (НДС не облагается)"
2025-10-13;;Услуги сторонних организаций;Списание комиссии внешнего брокера;;;КлФ-1935759;-476,58;USD;;;"Возмещение затрат вышестоящего Брокера за сделки с пи на рынке MMA за 13.10.2025 г."
2025-10-14;;Брокерская комиссия;Комиссия брокера за сделки с производными инструментами;;;КлФ-1935759;;USD;;;"Вознаграждение Брокера за срочные сделки 14.10.2025 (НДС не облагается)"
2025-10-14;17:29:14;Продажа производного финансового инструмента;;BTI 19 Dec 2025 55.0000 call;BTI   251219C00055000;КлФ-1935759;;USD;1.0;85,00;""
2025-10-14;17:31:39;Покупка производного финансового инструмента;;IBIT 16 Jan 2026 100.0000 call;IBIT  260116C00100000;КлФ-1935759;;USD;1.0;84,00;""
2025-10-14;20:38:05;Продажа производного финансового инструмента;;MO 16 Jan 2026 85.0000 call;MO    260116C00085000;КлФ-1935759;;USD;1.0;2,00;""
2025-10-14;20:46:05;Продажа производного финансового инструмента;;BTI 19 Dec 2025 55.0000 call;BTI   251219C00055000;КлФ-1935759;;USD;1.0;86,00;""
2025-10-14;;Брокерская комиссия;Комиссия брокера за сделки с производными инструментами;;;КлФ-1935759;;USD;;;"Вознаграждение Брокера за срочные сделки 14.10.2025 (НДС не облагается)"
2025-10-14;;Услуги сторонних организаций;Списание комиссии внешнего брокера;;;КлФ-1935759;-212,65;USD;;;"Возмещение затрат вышестоящего Брокера за сделки с пи на рынке MMA за 14.10.2025 г."
2025-10-15;;Брокерская комиссия;Комиссия брокера за сделки с производными инструментами;;;КлФ-1935759;;USD;;;"Вознаграждение Брокера за срочные сделки 15.10.2025 (НДС не облагается)"
2025-10-15;16:49:41;Покупка производного финансового инструмента;;IBIT 16 Jan 2026 100.0000 call;IBIT  260116C00100000;КлФ-1935759;;USD;1.0;69,00;""
2025-10-15;16:51:50;Продажа производного финансового инструмента;;CCJ 16 Jan 2026 130.0000 call;CCJ   260116C00130000;КлФ-1935759;;USD;1.0;280,00;""
2025-10-15;17:44:21;Покупка производного финансового инструмента;;IBIT 16 Jan 2026 100.0000 call;IBIT  260116C00100000;КлФ-1935759;;USD;4.0;72,00;""
2025-10-15;18:29:19;Продажа производного финансового инструмента;;GDXJ 16 Jan 2026 145.0000 call;GDXJ  260116C00145000;КлФ-1935759;;USD;1.0;170,00;""
2025-10-15;;Брокерская комиссия;Комиссия брокера за сделки с производными инструментами;;;КлФ-1935759;;USD;;;"Вознаграждение Брокера за срочные сделки 15.10.2025 (НДС не облагается)"
2025-10-15;;Услуги сторонних организаций;Списание комиссии внешнего брокера;;;КлФ-1935759;-365,41;USD;;;"Возмещение затрат вышестоящего Брокера за сделки с пи на рынке MMA за 15.10.2025 г."
2025-10-16;;Брокерская комиссия;Комиссия брокера за сделки с производными инструментами;;;КлФ-1935759;;USD;;;"Вознаграждение Брокера за срочные сделки 16.10.2025 (НДС не облагается)"
2025-10-16;17:58:05;Продажа производного финансового инструмента;;GDXJ 16 Jan 2026 145.0000 call;GDXJ  260116C00145000;КлФ-1935759;;USD;2.0;200,00;""
2025-10-16;19:18:50;Продажа производного финансового инструмента;;GDXJ 16 Jan 2026 145.0000 call;GDXJ  260116C00145000;КлФ-1935759;;USD;1.0;220,00;""
2025-10-16;19:19:18;Продажа производного финансового инструмента;;GDXJ 16 Jan 2026 145.0000 call;GDXJ  260116C00145000;КлФ-1935759;;USD;1.0;220,00;""
2025-10-16;19:46:38;Покупка производного финансового инструмента;;MO 20 Mar 2026 80.0000 call;MO    260320C00080000;КлФ-1935759;;USD;1.0;25,00;""
2025-10-16;;Брокерская комиссия;Комиссия брокера за сделки с производными инструментами;;;КлФ-1935759;;USD;;;"Вознаграждение Брокера за срочные сделки 16.10.2025 (НДС не облагается)"
2025-10-16;;Услуги сторонних организаций;Списание комиссии внешнего брокера;;;КлФ-1935759;-258,59;USD;;;"Возмещение затрат вышестоящего Брокера за сделки с пи на рынке MMA за 16.10.2025 г."
2025-10-17;;Брокерская комиссия;Комиссия брокера за сделки с производными инструментами;;;КлФ-1935759;;USD;;;"Вознаграждение Брокера за срочные сделки 17.10.2025 (НДС не облагается)"
2025-10-17;20:58:21;Покупка производного финансового инструмента;;CCJ 16 Jan 2026 130.0000 call;CCJ   260116C00130000;КлФ-1935759;;USD;1.0;110,00;""
2025-10-17;;Брокерская комиссия;Комиссия брокера за сделки с производными инструментами;;;КлФ-1935759;;USD;;;"Вознаграждение Брокера за срочные сделки 17.10.2025 (НДС не облагается)"
2025-10-17;;Услуги сторонних организаций;Списание комиссии внешнего брокера;;;КлФ-1935759;-51,40;USD;;;"Возмещение затрат вышестоящего Брокера за сделки с пи на рынке MMA за 17.10.2025 г."
2025-10-20;;Брокерская комиссия;Комиссия брокера за сделки с производными инструментами;;;КлФ-1935759;;USD;;;"Вознаграждение Брокера за срочные сделки 20.10.2025 (НДС не облагается)"
2025-10-20;16:50:37;Покупка производного финансового инструмента;;TQQQ 20 Mar 2026 160.0000 call;TQQQ  260320C00160000;КлФ-1935759;;USD;1.0;250,00;""
2025-10-20;16:51:07;Покупка производного финансового инструмента;;TQQQ 20 Mar 2026 160.0000 call;TQQQ  260320C00160000;КлФ-1935759;;USD;1.0;245,00;""
2025-10-20;;Брокерская комиссия;Комиссия брокера за сделки с производными инструментами;;;КлФ-1935759;;USD;;;"Вознаграждение Брокера за срочные сделки 20.10.2025 (НДС не облагается)"
2025-10-20;;Услуги сторонних организаций;Списание комиссии внешнего брокера;;;КлФ-1935759;-105,28;USD;;;"Возмещение затрат вышестоящего Брокера за сделки с пи на рынке MMA за 20.10.2025 г."
2025-10-21;;Брокерская комиссия;Комиссия брокера за сделки с производными инструментами;;;КлФ-1935759;;USD;;;"Вознаграждение Брокера за срочные сделки 21.10.2025 (НДС не облагается)"
2025-10-21;17:19:41;Продажа производного финансового инструмента;;CCJ 16 Jan 2026 130.0000 call;CCJ   260116C00130000;КлФ-1935759;;USD;1.0;57,00;""
2025-10-21;17:20:04;Продажа производного финансового инструмента;;CCJ 16 Jan 2026 130.0000 call;CCJ   260116C00130000;КлФ-1935759;;USD;2.0;59,00;""
2025-10-21;17:44:37;Продажа производного финансового инструмента;;GDXJ 16 Jan 2026 145.0000 call;GDXJ  260116C00145000;КлФ-1935759;;USD;1.0;52,00;""
2025-10-21;17:44:52;Продажа производного финансового инструмента;;GDXJ 16 Jan 2026 145.0000 call;GDXJ  260116C00145000;КлФ-1935759;;USD;2.0;52,00;""
2025-10-21;;Брокерская комиссия;Комиссия брокера за сделки с производными инструментами;;;КлФ-1935759;;USD;;;"Вознаграждение Брокера за срочные сделки 21.10.2025 (НДС не облагается)"
2025-10-21;;Услуги сторонних организаций;Списание комиссии внешнего брокера;;;КлФ-1935759;-320,55;USD;;;"Возмещение затрат вышестоящего Брокера за сделки с пи на рынке MMA за 21.10.2025 г."
2025-10-22;;Брокерская комиссия;Комиссия брокера за сделки с производными инструментами;;;КлФ-1935759;;USD;;;"Вознаграждение Брокера за срочные сделки 22.10.2025 (НДС не облагается)"
2025-10-22;19:47:28;Продажа производного финансового инструмента;;GDXJ 16 Jan 2026 145.0000 call;GDXJ  260116C00145000;КлФ-1935759;;USD;1.0;50,00;""
2025-10-22;22:55:22;Покупка производного финансового инструмента;;GDXJ 20 Mar 2026 145.0000 call;GDXJ  260320C00145000;КлФ-1935759;;USD;1.0;160,00;""
2025-10-22;22:56:43;Покупка производного финансового инструмента;;CCJ 20 Mar 2026 130.0000 call;CCJ   260320C00130000;КлФ-1935759;;USD;1.0;204,00;""
2025-10-22;22:57:18;Покупка производного финансового инструмента;;CCJ 20 Mar 2026 130.0000 call;CCJ   260320C00130000;КлФ-1935759;;USD;1.0;210,00;""
2025-10-22;;Брокерская комиссия;Комиссия брокера за сделки с производными инструментами;;;КлФ-1935759;;USD;;;"Вознаграждение Брокера за срочные сделки 22.10.2025 (НДС не облагается)"
2025-10-22;;Услуги сторонних организаций;Списание комиссии внешнего брокера;;;КлФ-1935759;-212,32;USD;;;"Возмещение затрат вышестоящего Брокера за сделки с пи на рынке MMA за 22.10.2025 г."
2025-10-23;;Брокерская комиссия;Комиссия брокера за сделки с производными инструментами;;;КлФ-1935759;;USD;;;"Вознаграждение Брокера за срочные сделки 23.10.2025 (НДС не облагается)"
2025-10-23;20:18:02;Покупка производного финансового инструмента;;BTI 20 Mar 2026 70.0000 call;BTI   260320C00070000;КлФ-1935759;;USD;3.0;29,00;""
2025-10-23;20:20:13;Покупка производного финансового инструмента;;MO 20 Mar 2026 80.0000 call;MO    260320C00080000;КлФ-1935759;;USD;3.0;25,00;""
2025-10-23;20:22:21;Продажа производного финансового инструмента;;IBIT 16 Jan 2026 100.0000 call;IBIT  260116C00100000;КлФ-1935759;;USD;1.0;64,00;""
2025-10-23;;Услуги сторонних организаций;Списание комиссии внешнего брокера;;;КлФ-1935759;-372,35;USD;;;"Возмещение затрат вышестоящего Брокера за сделки с пи на рынке MMA за 23.10.2025 г. Из суммы к выплате 85.83 руб. удержан налог 81.27 руб."
2025-10-23;;Брокерская комиссия;Комиссия брокера за сделки с производными инструментами;;;КлФ-1935759;;USD;;;"Вознаграждение Брокера за срочные сделки 23.10.2025 (НДС не облагается)"
2025-10-23;;Услуги сторонних организаций;Списание комиссии внешнего брокера;;;КлФ-1935759;-372,35;USD;;;"Возмещение затрат вышестоящего Брокера за сделки с пи на рынке MMA за 23.10.2025 г. Из суммы к выплате 85.83 руб. удержан налог 81.27 руб."
2025-10-23;;Брокерская комиссия;Комиссия брокера за сделки с производными инструментами;;;КлФ-1935759;;USD;;;"Вознаграждение Брокера за срочные сделки 23.10.2025 (НДС не облагается)"
2025-10-23;;Услуги сторонних организаций;Списание комиссии внешнего брокера;;;КлФ-1935759;-372,35;USD;;;"Возмещение затрат вышестоящего Брокера за сделки с пи на рынке MMA за 23.10.2025 г."
2025-10-28;;Брокерская комиссия;Комиссия брокера за сделки с производными инструментами;;;КлФ-1935759;;USD;;;"Вознаграждение Брокера за срочные сделки 28.10.2025 (НДС не облагается)"
2025-10-28;16:35:07;Продажа производного финансового инструмента;;CCJ 16 Jan 2026 130.0000 call;CCJ   260116C00130000;КлФ-1935759;;USD;2.0;325,00;""
2025-10-28;16:46:54;Продажа производного финансового инструмента;;CCJ 20 Mar 2026 130.0000 call;CCJ   260320C00130000;КлФ-1935759;;USD;2.0;620,00;""
2025-10-28;19:41:21;Покупка производного финансового инструмента;;GDXJ 18 Jun 2026 140.0000 call;GDXJ  260618C00140000;КлФ-1935759;;USD;1.0;265,00;""
2025-10-28;19:41:59;Покупка производного финансового инструмента;;GDXJ 18 Jun 2026 140.0000 call;GDXJ  260618C00140000;КлФ-1935759;;USD;4.0;266,00;""
2025-10-28;22:12:46;Продажа производного финансового инструмента;;MO 16 Jan 2026 85.0000 call;MO    260116C00085000;КлФ-1935759;;USD;29.0;1,00;""
2025-10-28;22:14:10;Покупка производного финансового инструмента;;MO 18 Sep 2026 80.0000 call;MO    260918C00080000;КлФ-1935759;;USD;1.0;65,00;""
2025-10-28;22:14:25;Покупка производного финансового инструмента;;MO 18 Sep 2026 80.0000 call;MO    260918C00080000;КлФ-1935759;;USD;1.0;63,00;""
2025-10-28;22:17;Покупка производного финансового инструмента;;MO 18 Sep 2026 80.0000 call;MO    260918C00080000;КлФ-1935759;;USD;3.0;63,00;""
2025-10-28;22:25:10;Покупка производного финансового инструмента;;URNM 16 Jan 2026 90.0000 call;URNM  260116C00090000;КлФ-1935759;;USD;1.0;120,00;""
2025-10-28;22:28:57;Покупка производного финансового инструмента;;URNM 16 Jan 2026 90.0000 call;URNM  260116C00090000;КлФ-1935759;;USD;1.0;115,00;""
2025-10-28;;Брокерская комиссия;Комиссия брокера за сделки с производными инструментами;;;КлФ-1935759;;USD;;;"Вознаграждение Брокера за срочные сделки 28.10.2025 (НДС не облагается)"
2025-10-28;;Услуги сторонних организаций;Списание комиссии внешнего брокера;;;КлФ-1935759;-2315,04;USD;;;"Возмещение затрат вышестоящего Брокера за сделки с пи на рынке MMA за 28.10.2025 г."
2025-11-03;20:13:38;Продажа производного финансового инструмента;;URNM 16 Jan 2026 90.0000 call;URNM  260116C00090000;КлФ-1935759;;USD;1.0;40,00;""
2025-11-03;20:13:46;Продажа производного финансового инструмента;;URNM 16 Jan 2026 90.0000 call;URNM  260116C00090000;КлФ-1935759;;USD;1.0;55,00;""
2025-11-03;20:14:30;Покупка производного финансового инструмента;;MO 18 Sep 2026 80.0000 call;MO    260918C00080000;КлФ-1935759;;USD;1.0;24,00;""
2025-11-03;20:14:45;Покупка производного финансового инструмента;;MO 18 Sep 2026 80.0000 call;MO    260918C00080000;КлФ-1935759;;USD;1.0;23,00;""
2025-11-03;20:14:51;Покупка производного финансового инструмента;;MO 18 Sep 2026 80.0000 call;MO    260918C00080000;КлФ-1935759;;USD;1.0;23,00;""
2025-11-03;20:14:56;Покупка производного финансового инструмента;;MO 18 Sep 2026 80.0000 call;MO    260918C00080000;КлФ-1935759;;USD;1.0;23,00;""
2025-11-03;20:16:59;Продажа производного финансового инструмента;;IBIT 16 Jan 2026 100.0000 call;IBIT  260116C00100000;КлФ-1935759;;USD;5.0;35,00;""
2025-11-03;20:19:20;Продажа производного финансового инструмента;;GDXJ 16 Jan 2026 145.0000 call;GDXJ  260116C00145000;КлФ-1935759;;USD;1.0;15,00;""
2025-11-03;20:20:56;Продажа производного финансового инструмента;;IBIT 16 Jan 2026 100.0000 call;IBIT  260116C00100000;КлФ-1935759;;USD;1.0;35,00;""
2025-11-03;20:21:15;Покупка производного финансового инструмента;;IBIT 20 Mar 2026 100.0000 call;IBIT  260320C00100000;КлФ-1935759;;USD;1.0;107,00;""
2025-11-03;20:21:43;Покупка производного финансового инструмента;;IBIT 20 Mar 2026 100.0000 call;IBIT  260320C00100000;КлФ-1935759;;USD;1.0;108,00;""
2025-11-03;;Брокерская комиссия;Комиссия брокера за сделки с производными инструментами;;;КлФ-1935759;;USD;;;"Вознаграждение Брокера за срочные сделки 03.11.2025 (НДС не облагается)"
2025-11-03;;Услуги сторонних организаций;Списание комиссии внешнего брокера;;;КлФ-1935759;-792,68;USD;;;"Возмещение затрат вышестоящего Брокера за сделки с пи на рынке MMA за 03.11.2025 г."
2025-11-10;22:30:11;Продажа производного финансового инструмента;;IBIT 16 Jan 2026 100.0000 call;IBIT  260116C00100000;КлФ-1935759;;USD;1.0;21,00;""
2025-11-10;22:30:11;Продажа производного финансового инструмента;;IBIT 16 Jan 2026 100.0000 call;IBIT  260116C00100000;КлФ-1935759;;USD;2.0;21,00;""
2025-11-10;;Брокерская комиссия;Комиссия брокера за сделки с производными инструментами;;;КлФ-1935759;;USD;;;"Вознаграждение Брокера за срочные сделки 10.11.2025 (НДС не облагается)"
2025-11-10;;Услуги сторонних организаций;Списание комиссии внешнего брокера;;;КлФ-1935759;-159,20;USD;;;"Возмещение затрат вышестоящего Брокера за сделки с пи на рынке MMA за 10.11.2025 г."
2025-11-18;22:49:42;Покупка производного финансового инструмента;;IBIT 15 May 2026 100.0000 call;IBIT  260515C00100000;КлФ-1935759;;USD;1.0;77,00;""
2025-11-18;;Брокерская комиссия;Комиссия брокера за сделки с производными инструментами;;;КлФ-1935759;;USD;;;"Вознаграждение Брокера за срочные сделки 18.11.2025 (НДС не облагается)"
2025-11-18;;Услуги сторонних организаций;Списание комиссии внешнего брокера;;;КлФ-1935759;-52,73;USD;;;"Возмещение затрат вышестоящего Брокера за сделки с пи на рынке MMA за 18.11.2025 г."
2025-11-24;18:40:16;Продажа производного финансового инструмента;;TQQQ 20 Mar 2026 80.0000 call;TQQQ  260320C00080000;КлФ-1935759;;USD;1.0;70,00;""
2025-11-24;;Брокерская комиссия;Комиссия брокера за сделки с производными инструментами;;;КлФ-1935759;;USD;;;"Вознаграждение Брокера за срочные сделки 24.11.2025 (НДС не облагается)"
2025-11-24;;Услуги сторонних организаций;Списание комиссии внешнего брокера;;;КлФ-1935759;-52,16;USD;;;"Возмещение затрат вышестоящего Брокера за сделки с пи на рынке MMA за 24.11.2025 г."
2025-11-26;19:08:23;Продажа производного финансового инструмента;;GDXJ 18 Jun 2026 140.0000 call;GDXJ  260618C00140000;КлФ-1935759;;USD;1.0;400,00;""
2025-11-26;19:20:15;Продажа производного финансового инструмента;;TQQQ 20 Mar 2026 80.0000 call;TQQQ  260320C00080000;КлФ-1935759;;USD;1.0;82,00;""
2025-11-26;19:21:18;Покупка производного финансового инструмента;;MO 18 Sep 2026 80.0000 call;MO    260918C00080000;КлФ-1935759;;USD;1.0;26,00;""
2025-11-26;19:21:35;Покупка производного финансового инструмента;;MO 18 Sep 2026 80.0000 call;MO    260918C00080000;КлФ-1935759;;USD;5.0;25,00;""
2025-11-26;19:23:14;Покупка производного финансового инструмента;;BTI 18 Sep 2026 80.0000 call;BTI   260918C00080000;КлФ-1935759;;USD;1.0;60,00;""
2025-11-26;19:23:23;Покупка производного финансового инструмента;;BTI 18 Sep 2026 80.0000 call;BTI   260918C00080000;КлФ-1935759;;USD;4.0;60,00;""
2025-11-26;;Брокерская комиссия;Комиссия брокера за сделки с производными инструментами;;;КлФ-1935759;;USD;;;"Вознаграждение Брокера за срочные сделки 26.11.2025 (НДС не облагается)"
2025-11-26;;Услуги сторонних организаций;Списание комиссии внешнего брокера;;;КлФ-1935759;-668,80;USD;;;"Возмещение затрат вышестоящего Брокера за сделки с пи на рынке MMA за 26.11.2025 г."
2025-12-03;23:57:38;Продажа производного финансового инструмента;;MO 20 Mar 2026 80.0000 call;MO    260320C00080000;КлФ-1935759;;USD;3.0;4,00;""
2025-12-03;;Брокерская комиссия;Комиссия брокера за сделки с производными инструментами;;;КлФ-1935759;;USD;;;"Вознаграждение Брокера за срочные сделки 03.12.2025 (НДС не облагается)"
2025-12-03;;Услуги сторонних организаций;Списание комиссии внешнего брокера;;;КлФ-1935759;-151,83;USD;;;"Возмещение затрат вышестоящего Брокера за сделки с пи на рынке MMA за 03.12.2025 г."
2025-12-11;22:00:52;Продажа производного финансового инструмента;;GDXJ 20 Mar 2026 145.0000 call;GDXJ  260320C00145000;КлФ-1935759;;USD;1.0;272,00;""
2025-12-11;;Брокерская комиссия;Комиссия брокера за сделки с производными инструментами;;;КлФ-1935759;;USD;;;"Вознаграждение Брокера за срочные сделки 11.12.2025 (НДС не облагается)"
2025-12-11;;Услуги сторонних организаций;Списание комиссии внешнего брокера;;;КлФ-1935759;-51,41;USD;;;"Возмещение затрат вышестоящего Брокера за сделки с пи на рынке MMA за 11.12.2025 г."
2025-12-12;18:47:15;Покупка производного финансового инструмента;;IBIT 15 May 2026 100.0000 call;IBIT  260515C00100000;КлФ-1935759;;USD;5.0;36,00;""
2025-12-12;;Брокерская комиссия;Комиссия брокера за сделки с производными инструментами;;;КлФ-1935759;;USD;;;"Вознаграждение Брокера за срочные сделки 12.12.2025 (НДС не облагается)"
2025-12-12;;Услуги сторонних организаций;Списание комиссии внешнего брокера;;;КлФ-1935759;-257,85;USD;;;"Возмещение затрат вышестоящего Брокера за сделки с пи на рынке MMA за 12.12.2025 г."
2025-12-15;17:56:23;Покупка производного финансового инструмента;;IBIT 15 May 2026 100.0000 call;IBIT  260515C00100000;КлФ-1935759;;USD;5.0;30,00;""
2025-12-15;18:32:32;Продажа производного финансового инструмента;;MO 20 Mar 2026 80.0000 call;MO    260320C00080000;КлФ-1935759;;USD;7.0;2,00;""
2025-12-15;;Брокерская комиссия;Комиссия брокера за сделки с производными инструментами;;;КлФ-1935759;;USD;;;"Вознаграждение Брокера за срочные сделки 15.12.2025 (НДС не облагается)"
2025-12-15;;Услуги сторонних организаций;Списание комиссии внешнего брокера;;;КлФ-1935759;-622,69;USD;;;"Возмещение затрат вышестоящего Брокера за сделки с пи на рынке MMA за 15.12.2025 г."
2025-12-19;21:22:21;Продажа производного финансового инструмента;;GDXJ 18 Jun 2026 140.0000 call;GDXJ  260618C00140000;КлФ-1935759;;USD;1.0;800,00;""
2025-12-19;;Брокерская комиссия;Комиссия брокера за сделки с производными инструментами;;;КлФ-1935759;;USD;;;"Вознаграждение Брокера за срочные сделки 19.12.2025 (НДС не облагается)"
2025-12-19;;Услуги сторонних организаций;Списание комиссии внешнего брокера;;;КлФ-1935759;-53,62;USD;;;"Возмещение затрат вышестоящего Брокера за сделки с пи на рынке MMA за 19.12.2025 г."
2025-12-22;19:21:07;Продажа производного финансового инструмента;;GDXJ 18 Jun 2026 140.0000 call;GDXJ  260618C00140000;КлФ-1935759;;USD;1.0;1000,00;""
2025-12-22;19:21:33;Продажа производного финансового инструмента;;IBIT 20 Mar 2026 100.0000 call;IBIT  260320C00100000;КлФ-1935759;;USD;2.0;9,00;""
2025-12-22;22:56:52;Продажа производного финансового инструмента;;GDXJ 18 Jun 2026 140.0000 call;GDXJ  260618C00140000;КлФ-1935759;;USD;1.0;970,00;""
2025-12-22;22:58:58;Покупка производного финансового инструмента;;IBIT 18 Jun 2026 100.0000 call;IBIT  260618C00100000;КлФ-1935759;;USD;3.0;36,00;""
2025-12-22;;Брокерская комиссия;Комиссия брокера за сделки с производными инструментами;;;КлФ-1935759;;USD;;;"Вознаграждение Брокера за срочные сделки 22.12.2025 (НДС не облагается)"
2025-12-22;;Услуги сторонних организаций;Списание комиссии внешнего брокера;;;КлФ-1935759;-372,94;USD;;;"Возмещение затрат вышестоящего Брокера за сделки с пи на рынке MMA за 22.12.2025 г."
2025-12-24;18:08:52;Покупка производного финансового инструмента;;ET 15 Jan 2027 22.0000 call;ET    270115C00022000;КлФ-1935759;;USD;1.0;26,00;""
2025-12-24;18:08:55;Покупка производного финансового инструмента;;ET 15 Jan 2027 25.0000 call;ET    270115C00025000;КлФ-1935759;;USD;1.0;13,00;""
2025-12-24;18:09;Покупка производного финансового инструмента;;ET 15 Jan 2027 22.0000 call;ET    270115C00022000;КлФ-1935759;;USD;1.0;26,00;""
2025-12-24;18:09;Покупка производного финансового инструмента;;ET 15 Jan 2027 22.0000 call;ET    270115C00022000;КлФ-1935759;;USD;1.0;26,00;""
2025-12-24;18:09;Покупка производного финансового инструмента;;ET 15 Jan 2027 22.0000 call;ET    270115C00022000;КлФ-1935759;;USD;2.0;26,00;""
2025-12-24;18:11:54;Покупка производного финансового инструмента;;EPD 15 Jan 2027 40.0000 call;EPD   270115C00040000;КлФ-1935759;;USD;1.0;16,00;""
2025-12-24;18:12;Покупка производного финансового инструмента;;EPD 15 Jan 2027 40.0000 call;EPD   270115C00040000;КлФ-1935759;;USD;9.0;16,00;""
2025-12-24;18:15:31;Покупка производного финансового инструмента;;BTI 18 Sep 2026 80.0000 call;BTI   260918C00080000;КлФ-1935759;;USD;5.0;40,00;""
2025-12-24;18:15:31;Покупка производного финансового инструмента;;BTI 18 Sep 2026 80.0000 call;BTI   260918C00080000;КлФ-1935759;;USD;2.0;40,00;""
2025-12-24;18:15:31;Покупка производного финансового инструмента;;BTI 18 Sep 2026 80.0000 call;BTI   260918C00080000;КлФ-1935759;;USD;1.0;40,00;""
2025-12-24;18:15:31;Покупка производного финансового инструмента;;BTI 18 Sep 2026 80.0000 call;BTI   260918C00080000;КлФ-1935759;;USD;2.0;40,00;""
2025-12-24;18:20:15;Покупка производного финансового инструмента;;ARLP 18 Jun 2026 30.0000 call;ARLP  260618C00030000;КлФ-1935759;;USD;5.0;14,00;""
2025-12-24;18:20:15;Покупка производного финансового инструмента;;ARLP 18 Jun 2026 30.0000 call;ARLP  260618C00030000;КлФ-1935759;;USD;5.0;14,00;""
2025-12-24;18:24:06;Покупка производного финансового инструмента;;BTU 17 Apr 2026 48.0000 call;BTU   260417C00048000;КлФ-1935759;;USD;2.0;59,00;""
2025-12-24;18:25:15;Покупка производного финансового инструмента;;ET 15 Jan 2027 25.0000 call;ET    270115C00025000;КлФ-1935759;;USD;1.0;14,00;""
2025-12-24;18:25:15;Покупка производного финансового инструмента;;ET 15 Jan 2027 25.0000 call;ET    270115C00025000;КлФ-1935759;;USD;2.0;14,00;""
2025-12-24;18:25:15;Покупка производного финансового инструмента;;ET 15 Jan 2027 25.0000 call;ET    270115C00025000;КлФ-1935759;;USD;1.0;14,00;""
2025-12-24;18:27:12;Покупка производного финансового инструмента;;IBIT 18 Sep 2026 100.0000 call;IBIT  260918C00100000;КлФ-1935759;;USD;10.0;83,00;""
2025-12-24;18:29:29;Покупка производного финансового инструмента;;ARLP 18 Jun 2026 30.0000 call;ARLP  260618C00030000;КлФ-1935759;;USD;1.0;14,00;""
2025-12-24;18:29:29;Покупка производного финансового инструмента;;ARLP 18 Jun 2026 30.0000 call;ARLP  260618C00030000;КлФ-1935759;;USD;5.0;15,00;""
2025-12-24;18:29:29;Покупка производного финансового инструмента;;ARLP 18 Jun 2026 30.0000 call;ARLP  260618C00030000;КлФ-1935759;;USD;2.0;14,00;""
2025-12-24;18:29:29;Покупка производного финансового инструмента;;ARLP 18 Jun 2026 30.0000 call;ARLP  260618C00030000;КлФ-1935759;;USD;1.0;15,00;""
2025-12-24;18:29:30;Покупка производного финансового инструмента;;ARLP 18 Jun 2026 30.0000 call;ARLP  260618C00030000;КлФ-1935759;;USD;1.0;15,00;""
2025-12-24;18:30:46;Покупка производного финансового инструмента;;MO 18 Sep 2026 80.0000 call;MO    260918C00080000;КлФ-1935759;;USD;5.0;13,00;""
2025-12-24;18:31:14;Покупка производного финансового инструмента;;MO 18 Sep 2026 80.0000 call;MO    260918C00080000;КлФ-1935759;;USD;5.0;14,00;""
2025-12-24;;Брокерская комиссия;Комиссия брокера за сделки с производными инструментами;;;КлФ-1935759;;USD;;;"Вознаграждение Брокера за срочные сделки 24.12.2025 (НДС не облагается)"
2025-12-24;;Услуги сторонних организаций;Списание комиссии внешнего брокера;;;КлФ-1935759;-3677,78;USD;;;"Возмещение затрат вышестоящего Брокера за сделки с пи на рынке MMA за 24.12.2025 г."
2025-12-26;18:05:08;Покупка производного финансового инструмента;;IWM 21 Jan 2028 125.0000 put;IWM   280121P00125000;КлФ-1935759;;USD;1.0;240,00;""
2025-12-26;;Брокерская комиссия;Комиссия брокера за сделки с производными инструментами;;;КлФ-1935759;;USD;;;"Вознаграждение Брокера за срочные сделки 26.12.2025 (НДС не облагается)"
2025-12-26;;Услуги сторонних организаций;Списание комиссии внешнего брокера;;;КлФ-1935759;-50,62;USD;;;"Возмещение затрат вышестоящего Брокера за сделки с пи на рынке MMA за 26.12.2025 г."
2025-12-29;20:15:34;Покупка производного финансового инструмента;;TQQQ 18 Jun 2026 80.0000 call;TQQQ  260618C00080000;КлФ-1935759;;USD;1.0;144,00;""
2025-12-29;;Брокерская комиссия;Комиссия брокера за сделки с производными инструментами;;;КлФ-1935759;;USD;;;"Вознаграждение Брокера за срочные сделки 29.12.2025 (НДС не облагается)"
2025-12-29;;Услуги сторонних организаций;Списание комиссии внешнего брокера;;;КлФ-1935759;-50,50;USD;;;"Возмещение затрат вышестоящего Брокера за сделки с пи на рынке MMA за 29.12.2025 г."
2025-12-30;20:46:28;Продажа производного финансового инструмента;;TQQQ 20 Mar 2026 80.0000 call;TQQQ  260320C00080000;КлФ-1935759;;USD;1.0;25,00;""
2025-12-30;20:46:28;Продажа производного финансового инструмента;;TQQQ 20 Mar 2026 80.0000 call;TQQQ  260320C00080000;КлФ-1935759;;USD;1.0;25,00;""
2025-12-30;;Брокерская комиссия;Комиссия брокера за сделки с производными инструментами;;;КлФ-1935759;;USD;;;"Вознаграждение Брокера за срочные сделки 30.12.2025 (НДС не облагается)"
2025-12-30;;Услуги сторонних организаций;Списание комиссии внешнего брокера;;;КлФ-1935759;-101,46;USD;;;"Возмещение затрат вышестоящего Брокера за сделки с пи на рынке MMA за 30.12.2025 г."
2026-01-02;21:53:52;Покупка производного финансового инструмента;;MO 18 Sep 2026 80.0000 call;MO    260918C00080000;КлФ-1935759;;USD;5.0;16,00;""
2026-01-02;;Брокерская комиссия;Комиссия брокера за сделки с производными инструментами;;;КлФ-1935759;;USD;;;"Вознаграждение Брокера за срочные сделки 02.01.2026 (НДС не облагается)"
2026-01-02;;Услуги сторонних организаций;Списание комиссии внешнего брокера;;;КлФ-1935759;-254,24;USD;;;"Возмещение затрат вышестоящего Брокера за сделки с пи на рынке MMA за 02.01.2026 г."
2026-01-06;19:52:37;Продажа производного финансового инструмента;;GDXJ 18 Jun 2026 140.0000 call;GDXJ  260618C00140000;КлФ-1935759;;USD;1.0;1000,00;""
2026-01-06;20:58:36;Покупка производного финансового инструмента;;VNOM 18 Jun 2026 50.0000 call;VNOM  260618C00050000;КлФ-1935759;;USD;1.0;35,00;""
2026-01-06;20:58:42;Покупка производного финансового инструмента;;VNOM 18 Jun 2026 50.0000 call;VNOM  260618C00050000;КлФ-1935759;;USD;1.0;35,00;""
2026-01-06;20:58:42;Покупка производного финансового инструмента;;VNOM 18 Jun 2026 50.0000 call;VNOM  260618C00050000;КлФ-1935759;;USD;3.0;35,00;""
2026-01-06;20:59:10;Покупка производного финансового инструмента;;MO 18 Sep 2026 80.0000 call;MO    260918C00080000;КлФ-1935759;;USD;6.0;10,00;""
2026-01-06;20:59:10;Покупка производного финансового инструмента;;MO 18 Sep 2026 80.0000 call;MO    260918C00080000;КлФ-1935759;;USD;4.0;10,00;""
2026-01-06;21:00:13;Покупка производного финансового инструмента;;MO 18 Sep 2026 80.0000 call;MO    260918C00080000;КлФ-1935759;;USD;10.0;10,00;""
2026-01-06;21:01:17;Покупка производного финансового инструмента;;BTI 18 Sep 2026 80.0000 call;BTI   260918C00080000;КлФ-1935759;;USD;10.0;25,00;""
2026-01-06;;Брокерская комиссия;Комиссия брокера за сделки с производными инструментами;;;КлФ-1935759;;USD;;;"Вознаграждение Брокера за срочные сделки 06.01.2026 (НДС не облагается)"
2026-01-06;;Услуги сторонних организаций;Списание комиссии внешнего брокера;;;КлФ-1935759;-1832,85;USD;;;"Возмещение затрат вышестоящего Брокера за сделки с пи на рынке MMA за 06.01.2026 г."
2026-01-08;17:49:40;Покупка производного финансового инструмента;;CRML 15 May 2026 20.0000 call;CRML  260515C00020000;КлФ-1935759;;USD;1.0;315,00;""
2026-01-08;18:52:02;Продажа производного финансового инструмента;;BTI 20 Mar 2026 70.0000 call;BTI   260320C00070000;КлФ-1935759;;USD;8.0;7,00;""
2026-01-08;18:53:18;Продажа производного финансового инструмента;;IWM 21 Jan 2028 125.0000 put;IWM   280121P00125000;КлФ-1935759;;USD;1.0;229,00;""
2026-01-08;18:54:17;Покупка производного финансового инструмента;;CRML 15 May 2026 20.0000 call;CRML  260515C00020000;КлФ-1935759;;USD;1.0;246,00;""
2026-01-08;;Брокерская комиссия;Комиссия брокера за сделки с производными инструментами;;;КлФ-1935759;;USD;;;"Вознаграждение Брокера за срочные сделки 08.01.2026 (НДС не облагается)"
2026-01-08;;Услуги сторонних организаций;Списание комиссии внешнего брокера;;;КлФ-1935759;-560,89;USD;;;"Возмещение затрат вышестоящего Брокера за сделки с пи на рынке MMA за 08.01.2026 г."
2026-01-12;17:39:55;Продажа производного финансового инструмента;;IBIT 18 Sep 2026 100.0000 call;IBIT  260918C00100000;КлФ-1935759;;USD;5.0;77,00;""
2026-01-12;17:40:40;Продажа производного финансового инструмента;;ARLP 18 Jun 2026 30.0000 call;ARLP  260618C00030000;КлФ-1935759;;USD;10.0;25,00;""
2026-01-12;17:52:11;Продажа производного финансового инструмента;;IBIT 18 Sep 2026 100.0000 call;IBIT  260918C00100000;КлФ-1935759;;USD;5.0;78,00;""
2026-01-12;17:54:40;Покупка производного финансового инструмента;;PLTR 15 Jan 2027 50.0000 put;PLTR  270115P00050000;КлФ-1935759;;USD;3.0;183,00;""
2026-01-12;17:54:40;Покупка производного финансового инструмента;;PLTR 15 Jan 2027 50.0000 put;PLTR  270115P00050000;КлФ-1935759;;USD;2.0;183,00;""
2026-01-12;18:24:02;Продажа производного финансового инструмента;;TQQQ 18 Jun 2026 80.0000 call;TQQQ  260618C00080000;КлФ-1935759;;USD;1.0;144,00;""
2026-01-12;22:02:50;Покупка производного финансового инструмента;;IWM 21 Jan 2028 125.0000 put;IWM   280121P00125000;КлФ-1935759;;USD;1.0;220,00;""
2026-01-12;;Брокерская комиссия;Комиссия брокера за сделки с производными инструментами;;;КлФ-1935759;;USD;;;"Вознаграждение Брокера за срочные сделки 12.01.2026 (НДС не облагается)"
2026-01-12;;Услуги сторонних организаций;Списание комиссии внешнего брокера;;;КлФ-1935759;-1376,01;USD;;;"Возмещение затрат вышестоящего Брокера за сделки с пи на рынке MMA за 12.01.2026 г."
2026-01-14;19:20:54;Продажа производного финансового инструмента;;IBIT 18 Jun 2026 100.0000 call;IBIT  260618C00100000;КлФ-1935759;;USD;3.0;36,00;""
2026-01-14;;Брокерская комиссия;Комиссия брокера за сделки с производными инструментами;;;КлФ-1935759;;USD;;;"Вознаграждение Брокера за срочные сделки 14.01.2026 (НДС не облагается)"
2026-01-14;;Услуги сторонних организаций;Списание комиссии внешнего брокера;;;КлФ-1935759;-154,55;USD;;;"Возмещение затрат вышестоящего Брокера за сделки с пи на рынке MMA за 14.01.2026 г."
2026-01-15;19:20:41;Продажа производного финансового инструмента;;BTU 17 Apr 2026 48.0000 call;BTU   260417C00048000;КлФ-1935759;;USD;1.0;145,00;""
2026-01-15;19:23:04;Продажа производного финансового инструмента;;BTU 17 Apr 2026 48.0000 call;BTU   260417C00048000;КлФ-1935759;;USD;1.0;146,00;""
2026-01-15;;Брокерская комиссия;Комиссия брокера за сделки с производными инструментами;;;КлФ-1935759;;USD;;;"Вознаграждение Брокера за срочные сделки 15.01.2026 (НДС не облагается)"
2026-01-15;;Услуги сторонних организаций;Списание комиссии внешнего брокера;;;КлФ-1935759;-103,71;USD;;;"Возмещение затрат вышестоящего Брокера за сделки с пи на рынке MMA за 15.01.2026 г."
2026-01-22;22:50:17;Покупка производного финансового инструмента;;BTI 18 Dec 2026 85.0000 call;BTI   261218C00085000;КлФ-1935759;;USD;1.0;39,00;""
2026-01-22;22:50:25;Покупка производного финансового инструмента;;BTI 18 Dec 2026 85.0000 call;BTI   261218C00085000;КлФ-1935759;;USD;1.0;38,00;""
2026-01-22;22:50:34;Покупка производного финансового инструмента;;BTI 18 Dec 2026 85.0000 call;BTI   261218C00085000;КлФ-1935759;;USD;1.0;37,00;""
2026-01-22;22:52:29;Покупка производного финансового инструмента;;BTI 18 Dec 2026 85.0000 call;BTI   261218C00085000;КлФ-1935759;;USD;8.0;38,00;""
2026-01-22;;Брокерская комиссия;Комиссия брокера за сделки с производными инструментами;;;КлФ-1935759;;USD;;;"Вознаграждение Брокера за срочные сделки 22.01.2026 (НДС не облагается)"
2026-01-22;;Услуги сторонних организаций;Списание комиссии внешнего брокера;;;КлФ-1935759;-554,24;USD;;;"Возмещение затрат вышестоящего Брокера за сделки с пи на рынке MMA за 22.01.2026 г."
2026-01-29;19:06:23;Продажа производного финансового инструмента;;IBIT 15 May 2026 100.0000 call;IBIT  260515C00100000;КлФ-1935759;;USD;11.0;8,00;""
2026-01-29;;Брокерская комиссия;Комиссия брокера за сделки с производными инструментами;;;КлФ-1935759;;USD;;;"Вознаграждение Брокера за срочные сделки 29.01.2026 (НДС не облагается)"
2026-01-29;;Услуги сторонних организаций;Списание комиссии внешнего брокера;;;КлФ-1935759;-546,07;USD;;;"Возмещение затрат вышестоящего Брокера за сделки с пи на рынке MMA за 29.01.2026 г."
2026-02-05;23:02:46;Покупка производного финансового инструмента;;CRML 15 May 2026 20.0000 call;CRML  260515C00020000;КлФ-1935759;;USD;1.0;105,00;""
2026-02-05;23:06:45;Продажа производного финансового инструмента;;IWM 21 Jan 2028 125.0000 put;IWM   280121P00125000;КлФ-1935759;;USD;1.0;230,00;""
2026-02-05;23:07:46;Покупка производного финансового инструмента;;CRML 15 May 2026 20.0000 call;CRML  260515C00020000;КлФ-1935759;;USD;2.0;105,00;""
2026-02-05;;Брокерская комиссия;Комиссия брокера за сделки с производными инструментами;;;КлФ-1935759;;USD;;;"Вознаграждение Брокера за срочные сделки 05.02.2026 (НДС не облагается)"
2026-02-05;;Услуги сторонних организаций;Списание комиссии внешнего брокера;;;КлФ-1935759;-200,74;USD;;;"Возмещение затрат вышестоящего Брокера за сделки с пи на рынке MMA за 05.02.2026 г."
2026-02-10;22:42:45;Продажа производного финансового инструмента;;ARLP 18 Jun 2026 30.0000 call;ARLP  260618C00030000;КлФ-1935759;;USD;1.0;16,00;""
2026-02-10;22:43:45;Продажа производного финансового инструмента;;ARLP 18 Jun 2026 30.0000 call;ARLP  260618C00030000;КлФ-1935759;;USD;9.0;16,00;""
2026-02-10;;Брокерская комиссия;Комиссия брокера за сделки с производными инструментами;;;КлФ-1935759;;USD;;;"Вознаграждение Брокера за срочные сделки 10.02.2026 (НДС не облагается)"
2026-02-10;;Услуги сторонних организаций;Списание комиссии внешнего брокера;;;КлФ-1935759;-506,28;USD;;;"Возмещение затрат вышестоящего Брокера за сделки с пи на рынке MMA за 10.02.2026 г."
2026-02-12;20:44:22;Продажа производного финансового инструмента;;VNOM 18 Jun 2026 50.0000 call;VNOM  260618C00050000;КлФ-1935759;;USD;1.0;110,00;""
2026-02-12;20:46:02;Продажа производного финансового инструмента;;VNOM 18 Jun 2026 50.0000 call;VNOM  260618C00050000;КлФ-1935759;;USD;1.0;110,00;""
2026-02-12;;Брокерская комиссия;Комиссия брокера за сделки с производными инструментами;;;КлФ-1935759;;USD;;;"Вознаграждение Брокера за срочные сделки 12.02.2026 (НДС не облагается)"
2026-02-12;;Услуги сторонних организаций;Списание комиссии внешнего брокера;;;КлФ-1935759;-101,48;USD;;;"Возмещение затрат вышестоящего Брокера за сделки с пи на рынке MMA за 12.02.2026 г."
2026-02-19;18:52:42;Покупка производного финансового инструмента;;CRGY 18 Dec 2026 15.0000 call;CRGY  261218C00015000;КлФ-1935759;;USD;3.0;70,00;""
2026-02-19;18:52:42;Покупка производного финансового инструмента;;CRGY 18 Dec 2026 15.0000 call;CRGY  261218C00015000;КлФ-1935759;;USD;2.0;70,00;""
2026-02-19;;Брокерская комиссия;Комиссия брокера за сделки с производными инструментами;;;КлФ-1935759;;USD;;;"Вознаграждение Брокера за срочные сделки 19.02.2026 (НДС не облагается)"
2026-02-19;;Услуги сторонних организаций;Списание комиссии внешнего брокера;;;КлФ-1935759;-247,50;USD;;;"Возмещение затрат вышестоящего Брокера за сделки с пи на рынке MMA за 19.02.2026 г."
2026-02-25;22:27:11;Продажа производного финансового инструмента;;CRML 15 May 2026 20.0000 call;CRML  260515C00020000;КлФ-1935759;;USD;1.0;62,00;""
2026-02-25;;Брокерская комиссия;Комиссия брокера за сделки с производными инструментами;;;КлФ-1935759;;USD;;;"Вознаграждение Брокера за срочные сделки 25.02.2026 (НДС не облагается)"
2026-02-25;;Услуги сторонних организаций;Списание комиссии внешнего брокера;;;КлФ-1935759;-50,58;USD;;;"Возмещение затрат вышестоящего Брокера за сделки с пи на рынке MMA за 25.02.2026 г."
2026-02-26;23:20:35;Продажа производного финансового инструмента;;CRML 15 May 2026 20.0000 call;CRML  260515C00020000;КлФ-1935759;;USD;1.0;60,00;""
2026-02-26;;Брокерская комиссия;Комиссия брокера за сделки с производными инструментами;;;КлФ-1935759;;USD;;;"Вознаграждение Брокера за срочные сделки 26.02.2026 (НДС не облагается)"
2026-02-26;;Услуги сторонних организаций;Списание комиссии внешнего брокера;;;КлФ-1935759;-50,47;USD;;;"Возмещение затрат вышестоящего Брокера за сделки с пи на рынке MMA за 26.02.2026 г."
2026-03-02;18:23:11;Продажа производного финансового инструмента;;CRML 15 May 2026 20.0000 call;CRML  260515C00020000;КлФ-1935759;;USD;1.0;54,00;""
2026-03-02;;Брокерская комиссия;Комиссия брокера за сделки с производными инструментами;;;КлФ-1935759;;USD;;;"Вознаграждение Брокера за срочные сделки 02.03.2026 (НДС не облагается)"
2026-03-02;;Услуги сторонних организаций;Списание комиссии внешнего брокера;;;КлФ-1935759;-51,00;USD;;;"Возмещение затрат вышестоящего Брокера за сделки с пи на рынке MMA за 02.03.2026 г."
2026-03-04;22:15:13;Покупка производного финансового инструмента;;VNOM 18 Sep 2026 55.0000 call;VNOM  260918C00055000;КлФ-1935759;;USD;1.0;115,00;""
2026-03-04;;Брокерская комиссия;Комиссия брокера за сделки с производными инструментами;;;КлФ-1935759;;USD;;;"Вознаграждение Брокера за срочные сделки 04.03.2026 (НДС не облагается)"
2026-03-04;;Услуги сторонних организаций;Списание комиссии внешнего брокера;;;КлФ-1935759;-50,45;USD;;;"Возмещение затрат вышестоящего Брокера за сделки с пи на рынке MMA за 04.03.2026 г."
2026-03-09;17:41:22;Продажа производного финансового инструмента;;CRML 15 May 2026 20.0000 call;CRML  260515C00020000;КлФ-1935759;;USD;2.0;20,00;""
2026-03-09;;Брокерская комиссия;Комиссия брокера за сделки с производными инструментами;;;КлФ-1935759;;USD;;;"Вознаграждение Брокера за срочные сделки 09.03.2026 (НДС не облагается)"
2026-03-09;;Услуги сторонних организаций;Списание комиссии внешнего брокера;;;КлФ-1935759;-103,69;USD;;;"Возмещение затрат вышестоящего Брокера за сделки с пи на рынке MMA за 09.03.2026 г."
2026-03-26;20:54:28;Продажа производного финансового инструмента;;VNOM 18 Jun 2026 50.0000 call;VNOM  260618C00050000;КлФ-1935759;;USD;1.0;223,00;""
2026-03-26;21:31:07;Продажа производного финансового инструмента;;VNOM 18 Jun 2026 50.0000 call;VNOM  260618C00050000;КлФ-1935759;;USD;1.0;220,00;""
2026-03-26;21:31:15;Продажа производного финансового инструмента;;VNOM 18 Jun 2026 50.0000 call;VNOM  260618C00050000;КлФ-1935759;;USD;1.0;221,00;""
2026-03-26;22:23:45;Покупка производного финансового инструмента;;JETS 15 Jan 2027 16.0000 put;JETS  270115P00016000;КлФ-1935759;;USD;1.0;71,00;""
2026-03-26;;Брокерская комиссия;Комиссия брокера за сделки с производными инструментами;;;КлФ-1935759;;USD;;;"Вознаграждение Брокера за срочные сделки 26.03.2026 (НДС не облагается)"
2026-03-26;;Услуги сторонних организаций;Списание комиссии внешнего брокера;;;КлФ-1935759;-212,29;USD;;;"Возмещение затрат вышестоящего Брокера за сделки с пи на рынке MMA за 26.03.2026 г."
2026-03-27;18:44:14;Продажа производного финансового инструмента;;MO 18 Sep 2026 80.0000 call;MO    260918C00080000;КлФ-1935759;;USD;1.0;57,00;""
2026-03-27;18:44:29;Продажа производного финансового инструмента;;MO 18 Sep 2026 80.0000 call;MO    260918C00080000;КлФ-1935759;;USD;9.0;58,00;""
2026-03-27;18:45:19;Продажа производного финансового инструмента;;EPD 15 Jan 2027 40.0000 call;EPD   270115C00040000;КлФ-1935759;;USD;2.0;230,00;""
2026-03-27;18:45:19;Продажа производного финансового инструмента;;EPD 15 Jan 2027 40.0000 call;EPD   270115C00040000;КлФ-1935759;;USD;1.0;230,00;""
2026-03-27;18:46:03;Продажа производного финансового инструмента;;JETS 15 Jan 2027 16.0000 put;JETS  270115P00016000;КлФ-1935759;;USD;1.0;65,00;""
2026-03-27;;Брокерская комиссия;Комиссия брокера за сделки с производными инструментами;;;КлФ-1935759;;USD;;;"Вознаграждение Брокера за срочные сделки 27.03.2026 (НДС не облагается)"
2026-03-27;;Услуги сторонних организаций;Списание комиссии внешнего брокера;;;КлФ-1935759;-751,50;USD;;;"Возмещение затрат вышестоящего Брокера за сделки с пи на рынке MMA за 27.03.2026 г."
2026-04-01;18:45:54;Покупка производного финансового инструмента;;JETS 15 Jan 2027 16.0000 put;JETS  270115P00016000;КлФ-1935759;;USD;1.0;65,00;""
2026-04-01;18:45:54;Покупка производного финансового инструмента;;JETS 15 Jan 2027 16.0000 put;JETS  270115P00016000;КлФ-1935759;;USD;1.0;65,00;""
2026-04-01;;Брокерская комиссия;Комиссия брокера за сделки с производными инструментами;;;КлФ-1935759;;USD;;;"Вознаграждение Брокера за срочные сделки 01.04.2026 (НДС не облагается)"
2026-04-01;;Услуги сторонних организаций;Списание комиссии внешнего брокера;;;КлФ-1935759;-105,63;USD;;;"Возмещение затрат вышестоящего Брокера за сделки с пи на рынке MMA за 01.04.2026 г."
2026-04-06;18:34:24;Покупка производного финансового инструмента;;JETS 15 Jan 2027 16.0000 put;JETS  270115P00016000;КлФ-1935759;;USD;1.0;66,00;""
2026-04-06;18:34:24;Покупка производного финансового инструмента;;JETS 15 Jan 2027 16.0000 put;JETS  270115P00016000;КлФ-1935759;;USD;1.0;66,00;""
2026-04-06;;Брокерская комиссия;Комиссия брокера за сделки с производными инструментами;;;КлФ-1935759;;USD;;;"Вознаграждение Брокера за срочные сделки 06.04.2026 (НДС не облагается)"
2026-04-06;;Услуги сторонних организаций;Списание комиссии внешнего брокера;;;КлФ-1935759;-103,65;USD;;;"Возмещение затрат вышестоящего Брокера за сделки с пи на рынке MMA за 06.04.2026 г."
2026-04-15;20:51:15;Покупка производного финансового инструмента;;MO 15 Jan 2027 85.0000 call;MO    270115C00085000;КлФ-1935759;;USD;1.0;42,00;""
2026-04-15;20:51:25;Покупка производного финансового инструмента;;MO 15 Jan 2027 85.0000 call;MO    270115C00085000;КлФ-1935759;;USD;9.0;41,00;""
2026-04-15;20:52:05;Покупка производного финансового инструмента;;MO 15 Jan 2027 85.0000 call;MO    270115C00085000;КлФ-1935759;;USD;10.0;41,00;""
2026-04-15;;Брокерская комиссия;Комиссия брокера за сделки с производными инструментами;;;КлФ-1935759;;USD;;;"Вознаграждение Брокера за срочные сделки 15.04.2026 (НДС не облагается)"
2026-04-15;;Услуги сторонних организаций;Списание комиссии внешнего брокера;;;КлФ-1935759;-986,09;USD;;;"Возмещение затрат вышестоящего Брокера за сделки с пи на рынке MMA за 15.04.2026 г."
2026-04-21;20:13:53;Покупка производного финансового инструмента;;BTI 18 Dec 2026 85.0000 call;BTI   261218C00085000;КлФ-1935759;;USD;9.0;22,00;""
2026-04-21;20:13:53;Покупка производного финансового инструмента;;BTI 18 Dec 2026 85.0000 call;BTI   261218C00085000;КлФ-1935759;;USD;10.0;22,00;""
2026-04-21;;Брокерская комиссия;Комиссия брокера за сделки с производными инструментами;;;КлФ-1935759;;USD;;;"Вознаграждение Брокера за срочные сделки 21.04.2026 (НДС не облагается)"
2026-04-21;;Услуги сторонних организаций;Списание комиссии внешнего брокера;;;КлФ-1935759;-929,18;USD;;;"Возмещение затрат вышестоящего Брокера за сделки с пи на рынке MMA за 21.04.2026 г."
2026-05-01;22:59:56;Продажа производного финансового инструмента;;MO 15 Jan 2027 85.0000 call;MO    270115C00085000;КлФ-1935759;;USD;5.0;185,00;""
2026-05-01;;Брокерская комиссия;Комиссия брокера за сделки с производными инструментами;;;КлФ-1935759;;USD;;;"Вознаграждение Брокера за срочные сделки 01.05.2026 (НДС не облагается)"
2026-05-01;;Услуги сторонних организаций;Списание комиссии внешнего брокера;;;КлФ-1935759;-245,35;USD;;;"Возмещение затрат вышестоящего Брокера за сделки с пи на рынке MMA за 01.05.2026 г."
2026-05-04;19:23:15;Покупка производного финансового инструмента;;WPM 15 Jan 2027 190.0000 call;WPM   270115C00190000;КлФ-1935759;;USD;1.0;485,00;""
2026-05-04;19:23:22;Покупка производного финансового инструмента;;WPM 15 Jan 2027 190.0000 call;WPM   270115C00190000;КлФ-1935759;;USD;1.0;482,00;""
2026-05-04;19:26:25;Продажа производного финансового инструмента;;VNOM 18 Sep 2026 55.0000 call;VNOM  260918C00055000;КлФ-1935759;;USD;1.0;220,00;""
2026-05-04;19:27:08;Покупка производного финансового инструмента;;WPM 15 Jan 2027 190.0000 call;WPM   270115C00190000;КлФ-1935759;;USD;1.0;483,00;""
2026-05-04;;Брокерская комиссия;Комиссия брокера за сделки с производными инструментами;;;КлФ-1935759;;USD;;;"Вознаграждение Брокера за срочные сделки 04.05.2026 (НДС не облагается)"
2026-05-04;;Услуги сторонних организаций;Списание комиссии внешнего брокера;;;КлФ-1935759;-195,23;USD;;;"Возмещение затрат вышестоящего Брокера за сделки с пи на рынке MMA за 04.05.2026 г."
2026-05-05;22:06:46;Продажа производного финансового инструмента;;PLTR 15 Jan 2027 50.0000 put;PLTR  270115P00050000;КлФ-1935759;;USD;1.0;89,00;""
2026-05-05;;Брокерская комиссия;Комиссия брокера за сделки с производными инструментами;;;КлФ-1935759;;USD;;;"Вознаграждение Брокера за срочные сделки 05.05.2026 (НДС не облагается)"
2026-05-05;;Услуги сторонних организаций;Списание комиссии внешнего брокера;;;КлФ-1935759;-49,79;USD;;;"Возмещение затрат вышестоящего Брокера за сделки с пи на рынке MMA за 05.05.2026 г."
2026-05-06;19:15:04;Продажа производного финансового инструмента;;PLTR 15 Jan 2027 50.0000 put;PLTR  270115P00050000;КлФ-1935759;;USD;1.0;85,00;""
2026-05-06;19:34:41;Продажа производного финансового инструмента;;WPM 15 Jan 2027 190.0000 call;WPM   270115C00190000;КлФ-1935759;;USD;1.0;670,00;""
2026-05-06;20:43:52;Покупка производного финансового инструмента;;EQNR 15 Jan 2027 50.0000 call;EQNR  270115C00050000;КлФ-1935759;;USD;1.0;164,00;""
2026-05-06;20:43:59;Покупка производного финансового инструмента;;EQNR 15 Jan 2027 50.0000 call;EQNR  270115C00050000;КлФ-1935759;;USD;1.0;163,00;""
2026-05-06;20:44:06;Покупка производного финансового инструмента;;EQNR 15 Jan 2027 50.0000 call;EQNR  270115C00050000;КлФ-1935759;;USD;1.0;161,00;""
2026-05-06;20:45:56;Покупка производного финансового инструмента;;EQNR 15 Jan 2027 50.0000 call;EQNR  270115C00050000;КлФ-1935759;;USD;1.0;161,00;""
2026-05-06;21:00:04;Покупка производного финансового инструмента;;EQNR 21 Jan 2028 60.0000 call;EQNR  280121C00060000;КлФ-1935759;;USD;1.0;230,00;""
2026-05-06;21:53:59;Продажа производного финансового инструмента;;WPM 15 Jan 2027 190.0000 call;WPM   270115C00190000;КлФ-1935759;;USD;1.0;670,00;""
2026-05-06;21:55;Покупка производного финансового инструмента;;PBR 18 Feb 2028 30.0000 call;PBR   280218C00030000;КлФ-1935759;;USD;1.0;150,00;""
2026-05-06;21:55:10;Покупка производного финансового инструмента;;PBR 18 Feb 2028 30.0000 call;PBR   280218C00030000;КлФ-1935759;;USD;1.0;148,00;""
2026-05-06;21:55:52;Покупка производного финансового инструмента;;PBR 18 Feb 2028 30.0000 call;PBR   280218C00030000;КлФ-1935759;;USD;2.0;149,00;""
2026-05-06;21:58:07;Покупка производного финансового инструмента;;PBR 18 Feb 2028 30.0000 call;PBR   280218C00030000;КлФ-1935759;;USD;1.0;153,00;""
2026-05-06;;Брокерская комиссия;Комиссия брокера за сделки с производными инструментами;;;КлФ-1935759;;USD;;;"Вознаграждение Брокера за срочные сделки 06.05.2026 (НДС не облагается)"
2026-05-06;;Услуги сторонних организаций;Списание комиссии внешнего брокера;;;КлФ-1935759;-640,43;USD;;;"Возмещение затрат вышестоящего Брокера за сделки с пи на рынке MMA за 06.05.2026 г."
2026-05-07;17:44:26;Продажа производного финансового инструмента;;WPM 15 Jan 2027 190.0000 call;WPM   270115C00190000;КлФ-1935759;;USD;1.0;840,00;""
2026-05-07;17:45:03;Покупка производного финансового инструмента;;EQNR 21 Jan 2028 60.0000 call;EQNR  280121C00060000;КлФ-1935759;;USD;1.0;200,00;""
2026-05-07;17:45:12;Покупка производного финансового инструмента;;EQNR 21 Jan 2028 60.0000 call;EQNR  280121C00060000;КлФ-1935759;;USD;1.0;190,00;""
2026-05-07;17:47:24;Покупка производного финансового инструмента;;PBR 18 Feb 2028 30.0000 call;PBR   280218C00030000;КлФ-1935759;;USD;1.0;125,00;""
2026-05-07;17:48:04;Покупка производного финансового инструмента;;PBR 18 Feb 2028 30.0000 call;PBR   280218C00030000;КлФ-1935759;;USD;2.0;125,00;""
2026-05-07;;Брокерская комиссия;Комиссия брокера за сделки с производными инструментами;;;КлФ-1935759;;USD;;;"Вознаграждение Брокера за срочные сделки 07.05.2026 (НДС не облагается)"
2026-05-07;;Услуги сторонних организаций;Списание комиссии внешнего брокера;;;КлФ-1935759;-294,88;USD;;;"Возмещение затрат вышестоящего Брокера за сделки с пи на рынке MMA за 07.05.2026 г."
2026-05-12;19:50:55;Продажа производного финансового инструмента;;PLTR 15 Jan 2027 50.0000 put;PLTR  270115P00050000;КлФ-1935759;;USD;1.0;84,00;""
2026-05-12;;Брокерская комиссия;Комиссия брокера за сделки с производными инструментами;;;КлФ-1935759;;USD;;;"Вознаграждение Брокера за срочные сделки 12.05.2026 (НДС не облагается)"
2026-05-12;;Услуги сторонних организаций;Списание комиссии внешнего брокера;;;КлФ-1935759;-49,04;USD;;;"Возмещение затрат вышестоящего Брокера за сделки с пи на рынке MMA за 12.05.2026 г."
2026-05-13;16:56:18;Продажа производного финансового инструмента;;BTI 18 Sep 2026 80.0000 call;BTI   260918C00080000;КлФ-1935759;;USD;1.0;50,00;""
2026-05-13;16:56:43;Продажа производного финансового инструмента;;BTI 18 Sep 2026 80.0000 call;BTI   260918C00080000;КлФ-1935759;;USD;9.0;50,00;""
2026-05-13;16:58:14;Продажа производного финансового инструмента;;MO 18 Sep 2026 80.0000 call;MO    260918C00080000;КлФ-1935759;;USD;1.0;102,00;""
2026-05-13;16:58:23;Продажа производного финансового инструмента;;MO 18 Sep 2026 80.0000 call;MO    260918C00080000;КлФ-1935759;;USD;9.0;103,00;""
2026-05-13;18:14:59;Покупка производного финансового инструмента;;PBR 18 Feb 2028 30.0000 call;PBR   280218C00030000;КлФ-1935759;;USD;7.0;125,00;""
2026-05-13;18:17;Продажа производного финансового инструмента;;ET 15 Jan 2027 25.0000 call;ET    270115C00025000;КлФ-1935759;;USD;5.0;18,00;""
2026-05-13;18:41:07;Продажа производного финансового инструмента;;PLTR 15 Jan 2027 50.0000 put;PLTR  270115P00050000;КлФ-1935759;;USD;2.0;90,00;""
2026-05-13;21:44:46;Покупка производного финансового инструмента;; securityId 9007199256425864;;КлФ-1935759;;USD;1.0;605,00;""
2026-05-13;;Брокерская комиссия;Комиссия брокера за сделки с производными инструментами;;;КлФ-1935759;;USD;;;"Вознаграждение Брокера за срочные сделки 13.05.2026 (НДС не облагается)"
2026-05-13;;Услуги сторонних организаций;Списание комиссии внешнего брокера;;;КлФ-1935759;-1684,58;USD;;;"Возмещение затрат вышестоящего Брокера за сделки с пи на рынке MMA за 13.05.2026 г."
2026-05-14;21:34:17;Продажа производного финансового инструмента;;BTI 18 Sep 2026 80.0000 call;BTI   260918C00080000;КлФ-1935759;;USD;5.0;80,00;""
2026-05-14;21:35:37;Продажа производного финансового инструмента;;MO 18 Sep 2026 80.0000 call;MO    260918C00080000;КлФ-1935759;;USD;2.0;126,00;""
2026-05-14;21:35:50;Продажа производного финансового инструмента;;MO 18 Sep 2026 80.0000 call;MO    260918C00080000;КлФ-1935759;;USD;3.0;126,00;""
2026-05-14;21:36:51;Покупка производного финансового инструмента;;PBR 18 Feb 2028 30.0000 call;PBR   280218C00030000;КлФ-1935759;;USD;1.0;122,00;""
2026-05-14;21:36:58;Покупка производного финансового инструмента;;PBR 18 Feb 2028 30.0000 call;PBR   280218C00030000;КлФ-1935759;;USD;4.0;122,00;""
2026-05-14;;Брокерская комиссия;Комиссия брокера за сделки с производными инструментами;;;КлФ-1935759;;USD;;;"Вознаграждение Брокера за срочные сделки 14.05.2026 (НДС не облагается)"
2026-05-14;;Услуги сторонних организаций;Списание комиссии внешнего брокера;;;КлФ-1935759;-717,28;USD;;;"Возмещение затрат вышестоящего Брокера за сделки с пи на рынке MMA за 14.05.2026 г."
2026-05-15;19:42:36;Покупка производного финансового инструмента;;WPM 15 Jan 2027 180.0000 call;WPM   270115C00180000;КлФ-1935759;;USD;1.0;710,00;""
2026-05-15;;Брокерская комиссия;Комиссия брокера за сделки с производными инструментами;;;КлФ-1935759;;USD;;;"Вознаграждение Брокера за срочные сделки 15.05.2026 (НДС не облагается)"
2026-05-15;;Услуги сторонних организаций;Списание комиссии внешнего брокера;;;КлФ-1935759;-47,54;USD;;;"Возмещение затрат вышестоящего Брокера за сделки с пи на рынке MMA за 15.05.2026 г."
2026-05-19;20:26:20;Продажа производного финансового инструмента;;MO 18 Sep 2026 80.0000 call;MO    260918C00080000;КлФ-1935759;;USD;5.0;168,00;""
2026-05-19;20:28:20;Продажа производного финансового инструмента;;MO 18 Sep 2026 80.0000 call;MO    260918C00080000;КлФ-1935759;;USD;1.0;167,00;""
2026-05-19;23:27:06;Покупка производного финансового инструмента;; securityId 9007199256425864;;КлФ-1935759;;USD;1.0;540,00;""
2026-05-19;;Брокерская комиссия;Комиссия брокера за сделки с производными инструментами;;;КлФ-1935759;;USD;;;"Вознаграждение Брокера за срочные сделки 19.05.2026 (НДС не облагается)"
2026-05-19;;Услуги сторонних организаций;Списание комиссии внешнего брокера;;;КлФ-1935759;-331,36;USD;;;"Возмещение затрат вышестоящего Брокера за сделки с пи на рынке MMA за 19.05.2026 г."
2026-05-20;18:08;Покупка производного финансового инструмента;;WPM 15 Jan 2027 180.0000 call;WPM   270115C00180000;КлФ-1935759;;USD;1.0;618,00;""
2026-05-20;;Брокерская комиссия;Комиссия брокера за сделки с производными инструментами;;;КлФ-1935759;;USD;;;"Вознаграждение Брокера за срочные сделки 20.05.2026 (НДС не облагается)"
2026-05-20;;Пеня (Списание);Комиссия за неисполненные в срок обязательства перед Брокером;;;КлФ-1935759;-0,45;RUB;;;"Пеня на сумму неисполненных обязательств (НДС не облагается)"
2026-05-20;;Услуги сторонних организаций;Списание комиссии внешнего брокера;;;КлФ-1935759;-46,34;USD;;;"Возмещение затрат вышестоящего Брокера за сделки с пи на рынке MMA за 20.05.2026 г."
2026-05-21;;Пеня (Списание);Комиссия за неисполненные в срок обязательства перед Брокером;;;КлФ-1935759;-0,44;RUB;;;"Пеня на сумму неисполненных обязательств (НДС не облагается)"
